"data";"temp.mean";"temp.sd";"temp.min";"temp.max";"umid.mean";"umid.sd";"umid.min";"umid.max"
2010-01-01;27,12;3,09;24;33;77,48;14,64;46;94
2010-01-02;28,42;3,44;24;33;73,71;15,89;49;94
2010-01-03;28,08;2,81;25;33;77,52;13,28;53;94
2010-01-04;28,21;2,23;25;32;76,38;12,05;56;94
2010-01-05;27,71;2,83;24;33;80,71;10,04;63;94
2010-01-06;28,62;3;25;33;72,04;13,51;46;89
2010-01-07;29,68;2,01;27;34;65,96;9,08;47;79
2010-01-08;28,54;2,86;25;34;74,25;11,07;53;89
2010-01-09;29,71;3,77;25;35;69,38;16,23;44;89
2010-01-10;31,33;3,68;27;37;64,04;18,61;35;89
2010-01-11;31,12;3,6;26;38;62,08;15,31;33;84
2010-01-12;30,92;2,81;28;36;64,46;10,5;47;84
2010-01-13;29,5;2,98;26;34;69,5;10,25;53;84
2010-01-14;29,33;3,58;22;35;67,67;14,41;44;94
2010-01-15;24,89;2,54;22;30;85,82;11,43;62;100
2010-01-16;26,29;3,58;22;32;78,92;15,51;52;100
2010-01-17;28,58;3,08;25;33;71,54;10,34;56;84
2010-01-18;29,5;2,78;26;35;69,21;13,32;39;84
2010-01-19;29,62;4,04;22;37;68,5;16,42;37;89
2010-01-20;29,32;4,5;24;37;66;16,83;37;89
2010-01-21;28;3;25;34;70,37;9,9;50;84
2010-01-22;26,58;3,23;22;32;76,81;13,09;55;94
2010-01-23;26,92;3,87;23;34;76,52;15,84;47;94
2010-01-24;26,38;2,24;24;31;79,04;9,7;59;94
2010-01-25;25,93;3,5;23;34;81,11;13,54;50;94
2010-01-26;26,16;3,06;23;31;80,8;12,57;55;94
2010-01-27;28,4;3,34;24;34;72;14,64;44;89
2010-01-28;29,12;3,62;24;35;63,5;12,32;39;78
2010-01-29;29,17;3,57;25;36;65,17;14,38;33;83
2010-01-30;28,88;2,77;25;33;70,79;10,86;55;89
2010-01-31;29,29;2,85;25;34;72,17;13,09;50;94
2010-02-01;29,54;3,59;25;35;67;12,82;47;84
2010-02-02;29,62;3,92;25;37;65,12;13,94;40;83
2010-02-03;30,25;4,09;25;37;64,46;16,58;35;84
2010-02-04;30,46;4,24;26;38;60,25;16,28;31;79
2010-02-05;30,58;3,94;25;37;59,58;17,59;35;89
2010-02-06;30,54;4,22;25;37;57,54;19,52;29;84
2010-02-07;31,33;4,49;25;38;54,17;18,38;27;79
2010-02-08;31,83;4,49;26;40;57,04;18,65;28;84
2010-02-09;31,44;4,04;26;39;59,32;17,5;29;89
2010-02-10;28,15;3,82;24;36;71,19;15,49;37;89
2010-02-11;29,12;4,28;24;36;67,04;17,96;35;94
2010-02-12;29,71;3,48;25;35;61,12;13,88;39;79
2010-02-13;29,54;3,19;25;34;61,29;13,44;41;79
2010-02-14;29,88;3,57;25;35;61,38;16,39;34;83
2010-02-15;30,21;4,14;25;37;62,79;18,07;35;89
2010-02-16;31,62;4,66;26;40;55,54;18,04;26;79
2010-02-17;30;3,44;25;37;59,07;12,1;37;83
2010-02-18;24,96;1,07;23;28;86,54;5,74;78;94
2010-02-19;25,72;2,03;24;30;83,24;11,71;55;94
2010-02-20;27,71;3,18;24;33;71,75;13,89;46;89
2010-02-21;28,62;3,55;24;35;69,25;14,83;47;89
2010-02-22;30;4,31;25;38;64,04;18,67;33;89
2010-02-23;31;4,53;25;38;60,58;17,89;33;89
2010-02-24;30,52;3;26;36;62,12;11,36;42;79
2010-02-25;25,8;1,32;23;29;86,76;4,83;74;94
2010-02-26;23,92;1,67;22;27;83,33;9,28;70;94
2010-02-27;24,58;1,89;22;28;73,42;9,23;58;89
2010-02-28;25,17;1,83;23;29;76,88;8,34;58;89
2010-03-01;20,96;0,9;20;23;91,37;3;88;94
2010-03-02;21,23;1,27;20;24;88,35;5,28;78;94
2010-03-03;22,62;1,47;21;25;88,65;6,44;78;94
2010-03-04;24,24;1,42;23;27;88,32;6,73;74;94
2010-03-05;25;1,87;23;28;83,92;9,35;70;94
2010-03-06;25,19;2,56;22;30;83,5;11,22;62;94
2010-03-07;24,32;2,61;22;29;82,32;11,08;62;94
2010-03-08;25,92;2,43;22;31;76,08;10,19;52;94
2010-03-09;28,17;3,46;25;36;74,54;14,17;39;89
2010-03-10;28,25;3,78;24;36;69,5;14,98;39;89
2010-03-11;29,38;4,3;24;37;61,79;17,42;31;89
2010-03-12;28,33;2,85;24;33;72,75;10,68;56;89
2010-03-13;28,89;3,46;25;36;73,89;13,28;44;89
2010-03-14;29,35;4,85;23;38;70,96;19,89;37;94
2010-03-15;26,96;3,43;23;33;78,12;17,11;49;100
2010-03-16;25,77;1,97;23;29;82,12;10,73;58;94
2010-03-17;23,52;0,92;22;25;89,52;5,92;78;94
2010-03-18;24,46;2,7;21;30;83;10,07;62;94
2010-03-19;26,08;2,48;23;30;77,96;11,34;59;94
2010-03-20;27,17;3,19;23;33;75,79;12,64;52;94
2010-03-21;26,12;1,87;23;30;79,67;9,28;62;94
2010-03-22;28,25;4,39;23;35;68,21;18,33;39;89
2010-03-23;28,62;3,37;24;35;71,21;16,05;39;94
2010-03-24;27,08;3,3;23;32;77,12;11,96;56;94
2010-03-25;27,6;2,97;24;33;77,68;11,78;59;94
2010-03-26;27,75;2,98;24;33;73,54;12,92;46;89
2010-03-27;28,04;3,39;24;34;74,54;13,94;50;89
2010-03-28;27,79;2,34;24;32;75,83;10,59;56;94
2010-03-29;28,37;3,13;24;34;75,78;13,13;50;94
2010-03-30;26,36;3,32;23;33;78,88;14,05;56;94
2010-03-31;24,96;1,89;23;29;85,93;8,83;66;100
2010-04-01;25,29;1,92;23;29;82,17;10,71;62;94
2010-04-02;25,33;2,22;22;29;81,3;10,76;62;94
2010-04-03;26,96;2,66;24;32;78,46;10,16;56;94
2010-04-04;26,69;2,04;24;31;82,31;8,6;62;94
2010-04-05;25,08;1,83;23;29;86,42;8,63;70;94
2010-04-06;22,23;1,21;20;24;93,96;5,73;83;100
2010-04-07;20,75;1,82;18;24;84;8,26;69;94
2010-04-08;21,04;2,09;18;25;80,35;10,69;57;94
2010-04-09;20,56;1,6;19;24;85,33;8,63;69;94
2010-04-10;20,96;2,23;18;25;80,72;9,88;61;94
2010-04-11;21,75;2,97;18;27;78,71;12,71;54;94
2010-04-12;21,96;2,73;18;27;80,28;12,52;54;94
2010-04-13;23,67;2,6;21;28;72,38;11,68;54;88
2010-04-14;23,32;2,32;20;27;79,36;9,05;66;94
2010-04-15;24,16;3,3;19;30;77,28;14,39;48;94
2010-04-16;25,67;3,86;20;32;73,08;15,84;43;94
2010-04-17;25,75;3,05;22;32;75,88;13,45;38;94
2010-04-18;25,28;2,44;22;29;78,44;11,49;58;94
2010-04-19;25,58;2,82;22;31;76,73;13,68;46;94
2010-04-20;26,12;4,19;21;33;71,92;18,66;41;94
2010-04-21;26,71;4,3;21;34;68,88;18,69;34;94
2010-04-22;28;4,5;22;35;65,79;18,31;36;89
2010-04-23;28,5;2,78;25;35;71,38;13,45;39;89
2010-04-24;25,71;0,86;24;28;84,5;4,76;74;94
2010-04-25;26,08;2,72;23;31;81,5;12,04;55;94
2010-04-26;28,08;4,09;23;34;69,33;19,49;39;94
2010-04-27;27,58;3,35;24;35;69,67;14,33;39;89
2010-04-28;23,71;1,23;22;26;83,25;8,01;69;94
2010-04-29;21,76;1,09;20;24;85,12;7,07;73;94
2010-04-30;20,79;1,59;18;23;83,92;7,95;69;94
2010-05-01;22,29;2,61;19;26;77,08;12,61;54;94
2010-05-02;22,71;3,17;18;28;77,58;13,55;45;94
2010-05-03;23,96;4,12;19;32;75,04;18,52;38;94
2010-05-04;24,96;4,14;19;31;67,42;18,03;38;88
2010-05-05;25,83;4,42;21;33;67,12;18,99;36;88
2010-05-06;25,29;2,53;22;30;77,12;10,36;59;94
2010-05-07;25,92;2,47;23;31;77,88;11,81;52;94
2010-05-08;26,8;3,23;23;33;74,12;14,64;49;94
2010-05-09;21,96;1,57;20;25;88,46;6,08;78;100
2010-05-10;20,22;1,34;19;23;83,74;7,2;65;94
2010-05-11;20,83;3,14;17;26;78,29;11,8;58;94
2010-05-12;21,93;1,84;19;26;83,04;8,16;61;94
2010-05-13;22,25;2,47;19;26;66,62;23,41;34;94
2010-05-14;21,79;2,81;18;26;71,92;11,89;50;88
2010-05-15;22,08;2,6;18;27;77,8;11,32;51;94
2010-05-16;22,29;3,09;18;28;80,12;11,83;58;94
2010-05-17;22,96;1,97;20;26;78,64;9,72;61;94
2010-05-18;22,21;2,4;18;26;80,92;8,57;65;94
2010-05-19;23,96;2,56;20;28;78,88;11,48;58;94
2010-05-20;22,67;0,92;20;24;77,67;10,33;61;100
2010-05-21;21,36;1,98;19;25;75,96;11,19;57;88
2010-05-22;22,12;2,23;19;26;72,25;11,95;51;88
2010-05-23;21,75;2,98;18;27;75,21;12,77;54;94
2010-05-24;22,54;2,81;18;27;77,38;10,68;54;94
2010-05-25;22,6;2,47;19;27;81,4;9,44;61;94
2010-05-26;23,79;2,06;21;28;81,54;9,57;62;94
2010-05-27;22,84;1,43;21;25;76,72;12,3;57;94
2010-05-28;20,67;1,07;19;23;82,96;6,38;69;94
2010-05-29;20,42;3,06;17;26;83,19;13,09;57;94
2010-05-30;22,83;4,32;17;30;74,29;16,78;45;94
2010-05-31;22,19;1,36;19;25;75,04;11,56;57;94
2010-06-01;18,27;0,74;17;20;89,33;3,97;78;94
2010-06-02;19,83;2,04;17;23;78,54;10,15;60;88
2010-06-03;20,75;1,96;18;25;77,04;8,68;57;88
2010-06-04;21,17;2,66;17;26;72,88;13,4;48;94
2010-06-05;21,21;2,17;18;26;75,5;8,93;54;88
2010-06-06;19,75;2,21;16;23;70,75;14,4;50;94
2010-06-07;19,38;3,24;15;26;68,92;19,87;24;94
2010-06-08;18,42;3,15;14;24;73,71;11,06;44;88
2010-06-09;19,67;2,84;15;24;75,96;12,21;57;94
2010-06-10;20,58;2,22;17;24;77,25;10,84;57;94
2010-06-11;20,56;1,01;19;23;80,15;8,29;57;88
2010-06-12;18,5;1,91;16;22;75,17;19,54;43;94
2010-06-13;18;2,23;15;22;74,71;8,84;57;88
2010-06-14;18,32;3,05;14;24;76,84;16,46;41;94
2010-06-15;18,5;3,97;14;26;74,96;14,89;50;94
2010-06-16;19,42;4,57;13;27;74,5;19,9;39;94
2010-06-17;20,75;5,07;14;29;74,33;16,83;45;94
2010-06-18;21,25;3,44;16;26;76,42;14,51;48;94
2010-06-19;22;4,39;18;31;77,48;21,37;36;94
2010-06-20;21,92;4,83;16;30;70;20,22;38;94
2010-06-21;20,92;2,81;17;25;80,64;8,65;65;94
2010-06-22;21,54;2,02;19;26;83,79;9,92;61;94
2010-06-23;19,27;0,72;18;20;86,88;5,32;78;94
2010-06-24;20,75;3,53;16;27;76,96;13,39;48;94
2010-06-25;20,96;3,98;16;28;75,58;15,86;45;94
2010-06-26;20,5;3,25;16;27;81,5;14,15;54;94
2010-06-27;21,44;2,35;18;26;81,6;10,54;61;94
2010-06-28;21,04;3,27;17;28;82,36;14,6;51;100
2010-06-29;20,48;3,14;16;25;78,32;11,89;57;94
2010-06-30;21;2,4;19;26;81,92;12,92;54;94
2010-07-01;20,5;3,3;16;27;76,54;15,78;45;94
2010-07-02;20,76;3,03;17;26;75,88;14,66;44;94
2010-07-03;20,88;3,22;17;27;79,71;12,67;51;94
2010-07-04;21,12;2,94;17;26;77,92;12,31;54;94
2010-07-05;21,4;3,35;17;27;75,8;15,03;51;94
2010-07-06;21,5;3,78;16;28;75,81;16,14;45;94
2010-07-07;20,79;3,79;15;27;71,83;15,2;48;94
2010-07-08;20,79;4,75;15;29;70,75;17,31;35;94
2010-07-09;21,42;3,39;16;28;71,04;13,62;42;88
2010-07-10;22,44;1,5;20;26;78,72;9,39;58;94
2010-07-11;21,96;1,77;20;26;81,2;9,85;58;94
2010-07-12;24,56;4,62;19;32;71,32;21,79;36;94
2010-07-13;25,76;3,59;21;33;58,8;14,85;34;78
2010-07-14;21,07;1,51;19;25;86,5;7,69;65;94
2010-07-15;19,83;0,92;19;21;89,83;5,21;83;94
2010-07-16;21,44;1,72;20;26;87,59;7,25;65;94
2010-07-17;20,08;1,06;18;22;90,79;3,43;83;94
2010-07-18;21,04;1,33;19;23;81,46;8,56;69;94
2010-07-19;20,67;1,95;18;24;74,38;8,87;57;88
2010-07-20;21;4,09;16;29;74,25;14,6;43;88
2010-07-21;22,33;3,45;18;28;76,96;14,27;51;94
2010-07-22;23,17;4,5;18;30;65,12;19,2;33;88
2010-07-23;22,83;3,46;18;28;74,58;15,4;48;94
2010-07-24;22,88;1,8;21;27;79,08;9,32;58;88
2010-07-25;22,04;3,07;17;28;70,83;13,78;42;88
2010-07-26;22,42;4,66;17;30;69,75;22,38;29;94
2010-07-27;22,08;2,12;19;26;74,42;10,18;57;88
2010-07-28;22,12;1,9;19;26;77,71;9,46;61;94
2010-07-29;22,75;3,63;18;29;72,88;17,27;40;94
2010-07-30;22,21;3,34;18;29;75,92;15,45;40;94
2010-07-31;23,12;4,27;18;30;66,33;20,99;33;88
2010-08-01;23,54;4,57;17;32;64,58;18,91;29;88
2010-08-02;22,62;1,13;21;25;80,04;5,39;69;88
2010-08-03;21,04;1,63;18;25;81,59;7,8;65;94
2010-08-04;20,04;1,37;19;23;85,46;8,45;69;94
2010-08-05;21,17;2,32;18;28;77,54;8,73;58;88
2010-08-06;20,54;1,25;19;23;72,42;12,93;50;88
2010-08-07;19,42;2,24;16;23;75,83;13,6;57;94
2010-08-08;19,71;3,5;15;25;75;12,66;50;88
2010-08-09;21,17;2,84;17;26;76,54;14;51;94
2010-08-10;20,33;0,64;19;21;75,08;6,71;64;83
2010-08-11;19,92;1,28;18;22;70,96;9,28;60;88
2010-08-12;20,71;3,98;15;27;65,17;17,63;34;94
2010-08-13;23,5;5,43;17;32;57,12;19,6;28;83
2010-08-14;20,79;1,93;18;25;70,08;7,49;54;78
2010-08-15;17,42;1,14;15;19;72,46;12,58;49;88
2010-08-16;16,83;2,12;14;20;76,54;8,48;60;88
2010-08-17;17,42;2,34;14;21;73,54;15,1;49;94
2010-08-18;17,88;3,49;14;24;66,2;17,48;36;88
2010-08-19;18,28;4,18;12;25;64,44;16,71;32;88
2010-08-20;20,38;5,35;13;29;68,08;21,73;31;94
2010-08-21;20,67;2,44;17;25;75,08;10,62;57;88
2010-08-22;20,36;3,47;16;27;79,48;13,88;54;94
2010-08-23;21,58;5,25;15;31;69,19;22;26;94
2010-08-24;24,29;5,86;17;34;60,29;24,41;20;88
2010-08-25;25,42;5,85;17;34;55,54;24,21;22;88
2010-08-26;24,88;5,19;17;34;61,58;21,05;25;94
2010-08-27;22,84;4,37;17;33;70,84;17,43;26;88
2010-08-28;21,83;1,37;19;24;76,08;5,78;65;88
2010-08-29;23,58;3,44;19;30;70,83;13,46;46;88
2010-08-30;23,04;1,37;21;26;74,46;9,32;61;88
2010-08-31;23,33;3,02;20;28;72,58;14,95;48;94
2010-09-01;23,92;3,62;19;30;61,88;19,29;29;88
2010-09-02;24,62;5,79;17;33;60;23,48;23;88
2010-09-03;23,67;3,19;19;28;67,62;13,19;51;88
2010-09-04;25,8;6,03;19;35;63,48;27,81;20;94
2010-09-05;22,96;1,86;19;26;71;7,98;58;88
2010-09-06;20,12;1,57;18;23;79,75;8,34;65;94
2010-09-07;21,32;2,19;18;26;76,28;9,09;51;88
2010-09-08;19,92;1,02;19;22;85,54;3,71;78;94
2010-09-09;20,25;2,05;18;24;76,54;13,69;53;94
2010-09-10;21,33;2,5;18;25;66,33;11,53;47;83
2010-09-11;21,04;3,78;16;27;63,04;16,94;37;88
2010-09-12;22,25;4,79;17;31;57,67;15,9;26;77
2010-09-13;22,92;4,56;16;30;65,88;19,92;33;94
2010-09-14;24,83;5,78;18;35;57,58;20,3;23;83
2010-09-15;24,38;3,91;19;31;64,29;17,58;33;88
2010-09-16;21,17;0,96;20;23;82,46;6,11;73;94
2010-09-17;23,92;3,62;20;33;74,54;14,44;38;94
2010-09-18;21,6;1,19;18;23;77,4;4,16;73;88
2010-09-19;19,09;1,35;17;21;76,26;11,45;60;94
2010-09-20;21,46;3,04;18;27;65,88;10,88;48;83
2010-09-21;23,58;4,65;18;31;65,42;17,52;36;83
2010-09-22;26,42;4,85;20;34;57,5;18,69;30;83
2010-09-23;24,5;3,46;20;32;70,29;14,59;41;94
2010-09-24;23,46;2,95;19;27;72,46;12,88;54;94
2010-09-25;22,52;1,64;20;25;78;9,54;65;94
2010-09-26;21,96;1,02;21;24;79,92;6,85;69;88
2010-09-27;21,96;1,97;20;26;85,32;8,36;65;94
2010-09-28;21,62;0,71;20;23;84,71;3,91;78;94
2010-09-29;22,71;1,52;21;26;82,88;6,49;70;94
2010-09-30;24,33;2,04;22;28;77,83;8,57;62;88
2010-10-01;24,37;1,67;22;27;81,78;8,3;66;94
2010-10-02;24,6;2,1;22;30;79,28;9,7;59;89
2010-10-03;20,36;1,04;19;22;82,32;6,3;69;88
2010-10-04;20,62;1,64;18;23;77,12;9,71;65;94
2010-10-05;22,39;3,27;18;29;73,3;12,18;52;94
2010-10-06;22,62;1,74;20;26;72,96;7,8;58;88
2010-10-07;25,36;4,36;20;33;67,88;14,8;46;88
2010-10-08;25,88;1,65;23;28;60,12;7,28;45;74
2010-10-09;21,56;1,12;20;24;67,89;7,65;57;83
2010-10-10;20,33;1,95;17;23;70,25;14,27;50;88
2010-10-11;19,12;0,82;18;21;75,96;5,26;60;83
2010-10-12;19,79;3,04;16;24;66,5;22,7;38;94
2010-10-13;19,46;2,99;15;24;67,96;13,54;50;88
2010-10-14;21,96;4,02;16;29;63,88;11,6;40;88
2010-10-15;24,33;3,91;20;31;68,58;14,66;40;88
2010-10-16;25,58;3,31;20;31;68,96;12,23;49;88
2010-10-17;25,79;2,32;23;30;68,88;11,16;52;83
2010-10-18;22,2;0,65;21;23;86,28;3,94;78;94
2010-10-19;21,04;1,23;19;24;71;14,06;47;88
2010-10-20;21,21;2,32;17;25;68,38;12,07;50;88
2010-10-21;21,62;2,43;18;25;69,38;9,32;57;88
2010-10-22;23,58;2,72;20;28;67,08;8,78;51;78
2010-10-23;23,37;2,72;20;30;75,96;11,86;49;94
2010-10-24;23,46;1,25;21;26;81,08;9,89;65;94
2010-10-25;23,4;1,44;22;26;74,36;8,57;61;94
2010-10-26;22,64;2,33;20;27;81,36;11,52;58;94
2010-10-27;21,25;1,67;19;24;74,88;14,68;54;94
2010-10-28;22,17;2,62;18;26;68,38;12,01;48;88
2010-10-29;24,08;4,16;19;30;70,46;14,44;49;88
2010-10-30;26,88;4,59;22;37;69,69;19,34;31;94
2010-10-31;25,67;2,22;23;31;72,38;12,87;52;89
2010-11-01;23,31;0,68;22;25;81,88;4,55;74;89
2010-11-02;23,04;0,81;22;24;78,17;7,91;65;89
2010-11-03;23,58;2,45;19;27;64,21;8,44;51;78
2010-11-04;24,52;3,33;20;29;68,48;11,14;52;88
2010-11-05;26,83;4,94;20;34;63,12;16,63;34;88
2010-11-06;25,16;2,25;21;29;76,8;11,55;58;94
2010-11-07;22,72;2,25;20;26;78,4;11,42;61;94
2010-11-08;24,79;2,98;21;29;73,67;10,23;58;88
2010-11-09;27;2,65;24;31;71,54;10,24;55;83
2010-11-10;27,12;2,3;24;32;64,44;9,31;43;78
2010-11-11;21,4;1,12;20;24;81,36;7,02;69;94
2010-11-12;20,92;1,22;19;23;77,28;10,41;57;88
2010-11-13;20,38;0,88;19;22;78,12;5,49;69;88
2010-11-14;20,12;1,11;18;22;81,31;4,78;69;88
2010-11-15;21,04;1,99;19;24;77,96;8,01;65;88
2010-11-16;21,42;1,32;19;24;82,88;5,62;73;94
2010-11-17;23,15;1,87;21;26;83,77;10;69;94
2010-11-18;24,29;2,6;22;29;78,04;10,32;62;88
2010-11-19;23,71;2,48;21;28;75,62;11,26;55;88
2010-11-20;25;3,34;20;31;73,32;9,68;55;88
2010-11-21;25,92;2,26;22;29;76,79;9,93;62;94
2010-11-22;25,71;1,63;24;29;79,46;8,05;62;89
2010-11-23;25,92;2,26;23;30;78,88;10,98;62;94
2010-11-24;24,92;1,02;23;27;82,08;5,47;74;94
2010-11-25;24,74;2,51;22;29;82,74;9,66;66;94
2010-11-26;24,85;1,78;23;29;81,69;10,9;62;94
2010-11-27;24,68;2,43;22;29;78,88;12,56;58;94
2010-11-28;25,5;2,38;22;29;74,38;9,01;62;88
2010-11-29;28,5;4,91;22;36;63,75;17,74;37;88
2010-11-30;30,24;3,19;26;35;57,96;13,78;39;79
2010-12-01;26,62;1,35;25;29;76,29;6,41;66;89
2010-12-02;26,66;2,59;24;32;80,62;9,6;59;94
2010-12-03;28,25;3,25;25;34;77;13,29;53;94
2010-12-04;27,88;1,67;26;32;76,24;7,61;56;84
2010-12-05;27,35;2,65;23;33;77,85;12,02;56;94
2010-12-06;25,75;2,51;23;30;82,04;12,16;62;94
2010-12-07;26,62;1,91;24;30;80,83;8,82;66;89
2010-12-08;27,75;2,77;25;33;78,42;12,54;49;94
2010-12-09;28;2,2;25;31;70,84;12,29;52;89
2010-12-10;25,83;1,24;24;28;74,54;7,07;66;89
2010-12-11;26,88;2,91;23;31;70,04;10,29;55;89
2010-12-12;28,21;4,13;23;35;67;13,63;42;89
2010-12-13;30;3,49;24;37;62,84;14,15;35;89
2010-12-14;26,12;2,33;24;30;80,64;9,47;66;94
2010-12-15;24,96;1,51;23;28;84,46;8,32;70;94
2010-12-16;25,96;2,51;23;30;82,12;9,79;66;94
2010-12-17;28,33;3,37;24;34;71,62;14,68;50;89
2010-12-18;27,24;1,83;25;31;76,76;6,11;62;84
2010-12-19;27,48;2,93;24;32;73,8;11,74;56;89
2010-12-20;29,08;2,81;25;34;68,46;11,34;52;89
2010-12-21;29,44;2,8;26;35;71,04;10,78;44;84
2010-12-22;27,48;2,37;23;32;74,83;10,59;52;94
2010-12-23;25,15;1,56;23;28;81,85;9,07;62;94
2010-12-24;25,12;1,66;23;28;81,42;8,74;66;94
2010-12-25;27,17;2,62;24;32;74,92;10,39;52;89
2010-12-26;27,6;2,47;24;32;78,28;10,31;59;89
2010-12-27;26,77;2,25;24;31;77,62;12,08;55;94
2010-12-28;24,56;1,58;23;27;82,85;11,29;62;100
2010-12-29;25,04;2,03;23;28;77,71;12,06;62;94
2010-12-30;23,54;1,02;22;25;82,25;7,83;65;94
2010-12-31;24,21;2,06;22;28;79,42;9,7;58;94
2011-01-01;24,8;2,5;22;29;79,16;8,98;62;94
2011-01-02;26;1,93;23;30;80,29;8,76;62;94
2011-01-03;24,88;1,03;23;26;85,92;6,14;79;94
2011-01-04;25,29;1,49;24;28;88,17;6,7;74;94
2011-01-05;27,04;2,58;24;31;77,21;11,93;59;94
2011-01-06;28,08;2,96;25;34;71,25;11,01;49;83
2011-01-07;28,12;3,44;23;33;65,71;12,66;46;83
2011-01-08;28,21;3,72;23;33;67,12;15,4;46;89
2011-01-09;29,21;4,2;23;36;61,96;15,75;33;83
2011-01-10;28,52;4,24;23;37;67;18,04;31;89
2011-01-11;26,63;3,1;23;33;80,41;14,76;46;94
2011-01-12;27,58;2,86;24;33;79,17;13,4;56;94
2011-01-13;28,17;1,55;26;31;75,88;10,39;59;89
2011-01-14;27,35;1,44;25;30;79,46;7,88;66;94
2011-01-15;26,2;1,8;25;30;83,56;9,18;62;94
2011-01-16;26,62;2,16;24;31;80,54;9,79;62;94
2011-01-17;28,71;2,99;25;33;70,92;16,72;46;94
2011-01-18;28,16;3,41;25;35;73,48;12,1;47;89
2011-01-19;29,08;3,93;24;36;71,25;14,08;42;94
2011-01-20;29,62;3,23;25;36;66,79;11,9;45;84
2011-01-21;29,54;2,54;26;33;71,33;12,54;53;94
2011-01-22;28,71;2,8;25;33;68,46;10,9;52;83
2011-01-23;28,96;3,26;25;34;67,75;12,63;47;83
2011-01-24;28,38;3,09;24;33;65,17;14,6;46;83
2011-01-25;27,71;3,41;23;33;62,67;13,09;38;83
2011-01-26;28,75;3,61;24;34;61,96;14,6;36;83
2011-01-27;29,83;4,17;24;37;63,62;17,03;35;89
2011-01-28;31,12;3,94;26;37;57,08;17,3;35;84
2011-01-29;30,33;3,63;25;37;61,46;15,6;33;84
2011-01-30;29,79;2,21;27;34;64,71;9,13;49;79
2011-01-31;28,46;2,55;25;32;71,12;12,54;52;89
2011-02-01;28,15;2,7;24;34;69,48;10,31;47;83
2011-02-02;27,71;3,43;24;34;73,54;14,16;47;94
2011-02-03;28,25;2,4;25;32;67,71;11,12;52;83
2011-02-04;28,79;3,5;24;35;65,96;15,25;34;83
2011-02-05;29,5;4,02;25;36;60,42;15,68;35;78
2011-02-06;30,12;4,67;24;38;57,08;17,32;27;83
2011-02-07;28,71;2,96;25;34;66,12;11,71;47;83
2011-02-08;28,67;3,86;24;35;62,17;15,63;39;83
2011-02-09;29,92;4,53;24;37;55,5;16,99;31;78
2011-02-10;30,75;4,43;25;37;52,42;16,64;33;78
2011-02-11;28,67;1,79;26;32;67,42;9,04;52;84
2011-02-12;29,67;3,63;25;36;64,17;18,94;35;89
2011-02-13;30,12;4,73;24;38;53,79;17,37;26;78
2011-02-14;29,92;3,93;24;37;57,58;17,62;29;83
2011-02-15;28,25;3,05;24;33;65,75;14,94;43;83
2011-02-16;28,33;2,44;25;32;66;11,36;52;83
2011-02-17;28,54;2,78;25;33;63,25;12,23;41;79
2011-02-18;28,46;3,02;24;33;62;14,1;38;83
2011-02-19;27,88;2,77;24;32;62,42;10,51;46;78
2011-02-20;27,88;2,74;24;33;67,71;11,73;41;89
2011-02-21;28,88;3,66;24;35;64,21;17,08;41;89
2011-02-22;28,68;3,26;25;37;68,4;13,56;35;89
2011-02-23;27,75;2,95;24;34;69,12;13,99;39;89
2011-02-24;27;1,83;24;30;74,32;9,43;59;89
2011-02-25;27,71;2,46;25;32;66,38;10,81;48;79
2011-02-26;28,38;2,45;25;33;60,92;9,48;44;74
2011-02-27;27,76;3;24;34;69,04;11,7;44;84
2011-02-28;26,5;1,68;24;30;79,54;8,64;59;94
2011-03-01;25,75;1,98;23;29;78,58;13,45;55;94
2011-03-02;24,71;0,91;23;26;82,42;5,1;74;89
2011-03-03;23,54;1,14;22;26;84,71;6,64;70;94
2011-03-04;24,29;1,37;23;27;81,04;7,89;66;89
2011-03-05;22,5;0,64;22;24;87,25;5,94;78;94
2011-03-06;22,84;1,52;21;26;86,28;6,82;70;94
2011-03-07;24,08;1,56;22;27;81,88;9,61;62;94
2011-03-08;24,21;1,1;23;26;83,33;5,34;74;89
2011-03-09;25,35;2,19;23;29;80,54;10,96;62;94
2011-03-10;25,24;1,27;23;28;85,31;7,06;70;94
2011-03-11;25,79;1,84;23;29;81,33;9,12;66;94
2011-03-12;25,82;2,02;24;31;85,36;10,42;62;94
2011-03-13;26,42;1,67;25;30;80,12;6,85;70;89
2011-03-14;26,83;2,3;24;32;75,12;10,04;55;89
2011-03-15;26,89;1,99;24;31;76,19;10,37;55;94
2011-03-16;24,96;1,34;23;28;86,31;8,48;66;94
2011-03-17;25,29;1,94;22;29;76;12,79;52;94
2011-03-18;26,12;3,04;22;31;70,04;13,76;46;89
2011-03-19;26,21;2,83;22;31;73,62;10,82;55;89
2011-03-20;25,29;1,92;23;29;79;10,51;55;94
2011-03-21;23,88;0,61;23;25;81,46;4,96;74;89
2011-03-22;23,92;1,77;22;28;84;9,2;66;94
2011-03-23;24,83;2,14;22;28;79,75;11,1;62;94
2011-03-24;26,62;3,29;23;32;70,88;14,31;46;89
2011-03-25;27,04;3,42;23;35;75,08;15,93;42;94
2011-03-26;26,56;2,48;23;31;73,6;12,36;55;94
2011-03-27;28,08;3,31;24;35;71,71;13,51;47;94
2011-03-28;27,42;2,06;25;32;76,75;8,63;59;89
2011-03-29;26,58;1,5;25;31;77,85;8,99;59;89
2011-03-30;26,12;1,92;24;30;80,4;9,43;66;94
2011-03-31;24,2;1,04;22;26;87,04;4,84;78;94
2011-04-01;24,68;2,08;22;29;82,84;11,43;62;94
2011-04-02;25,79;2,52;22;30;76,38;11,06;55;94
2011-04-03;24,36;1,41;23;27;84,52;6,02;74;89
2011-04-04;23,83;1,63;22;27;84,42;5,62;74;89
2011-04-05;25,11;1,91;23;29;84;8,12;70;94
2011-04-06;25;2,38;22;29;75,25;12,24;58;89
2011-04-07;24,83;1,87;22;28;72,83;11,44;58;94
2011-04-08;25,17;2,75;21;30;70,04;12;49;88
2011-04-09;25,6;3,25;22;32;72,48;13,73;49;89
2011-04-10;24,5;2,4;21;28;76,96;6,82;66;88
2011-04-11;26,96;3,57;22;33;71,58;15,25;41;94
2011-04-12;27,42;3,06;23;33;75,29;12,32;53;94
2011-04-13;27,46;2,11;24;32;73,25;8,3;56;89
2011-04-14;27,83;2,85;24;34;74,79;13,49;46;94
2011-04-15;27,28;2,54;24;32;76,2;11,51;52;94
2011-04-16;27,04;2,68;24;32;75,42;13,33;49;89
2011-04-17;25,96;2,6;22;30;76,5;10,06;59;94
2011-04-18;26,67;3,07;23;32;73,33;13,84;49;89
2011-04-19;26,42;2;24;30;77,96;10,27;62;94
2011-04-20;25,96;2,58;22;31;72,58;13,49;43;89
2011-04-21;26,46;3,72;22;32;68,88;17,04;41;89
2011-04-22;26,83;3,5;22;33;70,96;17,51;38;94
2011-04-23;27,29;3,56;22;33;69,62;16,75;44;94
2011-04-24;25,19;2,37;22;30;78,54;10,19;59;94
2011-04-25;24,88;2,38;22;29;79,08;12,11;62;94
2011-04-26;22,08;1,16;20;25;90,12;6,14;74;100
2011-04-27;22,12;1,23;20;24;80,62;9,02;65;94
2011-04-28;21,6;1,38;20;24;84,2;6,14;73;94
2011-04-29;24,24;2,91;21;29;75,96;10,36;55;88
2011-04-30;24,33;2,58;20;29;81,75;11,3;62;100
2011-05-01;25,34;3,94;20;33;78,41;17,2;44;100
2011-05-02;25,17;2,16;21;29;76;12,32;52;100
2011-05-03;22,46;0,88;21;25;76,42;8,39;65;88
2011-05-04;22;1,53;20;24;77,5;7,59;65;88
2011-05-05;23,67;2,28;21;28;76,5;9,25;58;88
2011-05-06;25,54;2,84;22;31;73,46;14,35;43;89
2011-05-07;23,42;2,06;20;27;76,67;10,52;54;94
2011-05-08;23,25;3,03;19;29;74,21;13,38;45;88
2011-05-09;23,38;2,75;20;28;75,58;12,61;55;94
2011-05-10;22,12;0,86;21;24;85,77;6,43;74;94
2011-05-11;23,04;2,36;20;27;74,78;12,12;57;88
2011-05-12;23,08;2,55;20;27;78,29;9,34;62;94
2011-05-13;22,16;0,8;21;24;83,16;8,78;46;88
2011-05-14;20,44;0,7;20;22;86,7;5,22;73;94
2011-05-15;21,96;2,99;18;27;76,28;11,29;51;94
2011-05-16;21,34;1,17;19;23;81,59;10,83;61;94
2011-05-17;18,5;0,86;17;20;87;4,33;78;94
2011-05-18;19;2,09;17;23;81,81;12,75;57;94
2011-05-19;20,21;2,26;17;24;76,54;9,59;57;88
2011-05-20;20,84;2,43;18;26;80,12;10,93;58;94
2011-05-21;20,52;2,14;18;25;79,68;10,58;61;94
2011-05-22;21,25;2,82;16;26;72,54;13,77;50;94
2011-05-23;21,12;4,01;16;29;76,15;16,73;37;94
2011-05-24;21,62;3,8;16;28;72,08;17,14;40;94
2011-05-25;21,64;3,07;17;27;76;13,13;48;94
2011-05-26;22,52;4,45;17;30;71,32;18,06;40;88
2011-05-27;21,04;1,51;19;25;83,44;7,49;54;94
2011-05-28;19,16;0,69;18;21;83,2;5,49;73;88
2011-05-29;19,25;1,42;17;21;72,92;11,19;56;88
2011-05-30;19,92;2,34;17;24;68,12;11,35;50;83
2011-05-31;19,5;3,13;15;24;76;13,39;50;94
2011-06-01;21;2,13;18;25;78,67;9,48;61;94
2011-06-02;21,75;1,42;20;25;78,5;7,7;61;88
2011-06-03;22,5;2,34;19;28;79,12;9,25;55;88
2011-06-04;21,96;1,55;20;25;72,62;12,42;47;88
2011-06-05;18,29;1,33;16;21;68,92;7,53;56;82
2011-06-06;17,71;3,61;13;23;74,92;14,22;50;94
2011-06-07;21,19;4,91;14;28;68,58;18,17;40;94
2011-06-08;21,72;2,51;18;26;70;18,46;44;94
2011-06-09;18,44;2,56;15;23;79,74;9,35;61;94
2011-06-10;19,79;2,26;17;24;74,54;10,5;54;88
2011-06-11;19,75;1,67;17;23;74,12;11,82;57;88
2011-06-12;19,54;2,48;16;23;74,79;11,09;57;88
2011-06-13;19,58;3,41;15;25;75,67;14,52;47;94
2011-06-14;19,44;2,89;16;24;80,16;14,5;54;94
2011-06-15;19,5;1,82;17;22;79,75;14,94;57;100
2011-06-16;19,25;3,11;15;24;72,88;15,1;44;94
2011-06-17;19,83;3,83;15;26;75;15,67;45;94
2011-06-18;21,54;3,56;18;28;73,29;16,42;37;88
2011-06-19;20,2;3,07;16;26;76,28;13,43;42;88
2011-06-20;20,68;3,17;17;27;81,18;14,32;51;94
2011-06-21;22,16;4,73;16;31;76,32;20,11;36;94
2011-06-22;22,17;1,93;19;26;77,21;8,08;61;88
2011-06-23;21,62;1,06;20;24;82,33;6,99;69;94
2011-06-24;21,38;2,81;17;26;79,12;11,41;58;94
2011-06-25;21,62;2,39;18;26;80,79;10,63;58;94
2011-06-26;22,46;3,23;19;29;75,83;14,5;45;94
2011-06-27;19,69;1,59;18;23;81,38;6,01;68;88
2011-06-28;17,79;2,5;13;22;71,33;16,16;46;94
2011-06-29;19,96;2,39;17;25;66,5;7,99;54;78
2011-06-30;21,08;3,43;17;27;76,54;11,64;54;94
2011-07-01;20,93;2,97;17;28;83,79;12,9;51;94
2011-07-02;21,16;1,84;18;24;79,72;9,66;65;94
2011-07-03;20,31;1,73;18;23;87,44;7,73;69;94
2011-07-04;18,79;1,69;17;22;78,83;4,99;68;88
2011-07-05;17,3;0,91;16;19;79,67;5,04;68;88
2011-07-06;18,29;2,46;15;22;80,12;10,31;65;94
2011-07-07;17,48;0,87;17;20;82;8;64;94
2011-07-08;17,58;1,79;15;21;72,96;15,07;53;94
2011-07-09;16,33;3,42;11;21;74,54;13,63;49;94
2011-07-10;18,29;5,03;12;26;72,17;19,84;39;94
2011-07-11;20,25;5,14;14;29;69,88;21,29;29;94
2011-07-12;20,15;2,67;17;26;81,04;13,98;45;94
2011-07-13;21;3,82;17;29;75,67;20,57;35;94
2011-07-14;20,29;3,79;15;26;75,58;13,67;50;94
2011-07-15;20,82;2,65;18;27;79,23;14,39;45;94
2011-07-16;20,43;4,22;16;30;79,89;20,65;33;100
2011-07-17;22,42;4,51;17;30;69,38;17,07;38;94
2011-07-18;21,52;1,83;18;25;78,88;7,27;65;88
2011-07-19;21,75;0,79;21;23;79,88;4,38;73;88
2011-07-20;23,04;2,3;21;28;74,72;9,85;55;88
2011-07-21;23,71;4,4;18;31;63,12;20,25;31;88
2011-07-22;22,48;2,6;18;28;74,92;9,47;55;88
2011-07-23;20;0,98;19;22;85,54;6,51;69;94
2011-07-24;19,88;1,6;17;22;77,08;11,49;60;88
2011-07-25;19,88;3,17;15;25;68,42;14,36;44;94
2011-07-26;19,62;3,62;14;25;71;15,66;44;94
2011-07-27;21,29;4,04;16;28;70,79;17,22;45;94
2011-07-28;21,17;2,71;18;26;77,33;13,13;51;94
2011-07-29;22,96;5,01;17;30;63,5;20,96;33;94
2011-07-30;23,84;4,39;19;33;60,36;16,63;26;78
2011-07-31;22,71;1,81;20;26;73,29;8,96;61;88
2011-08-01;21,83;1,27;20;24;79;6,46;69;88
2011-08-02;22,6;2,27;20;28;82,12;9,88;62;94
2011-08-03;23,12;2,42;20;29;64,25;9,62;40;78
2011-08-04;18,54;1,18;17;21;57,04;19,91;32;94
2011-08-05;17,21;2,4;14;21;63,67;9,3;49;77
2011-08-06;19,71;4,85;14;28;70,17;13,76;45;88
2011-08-07;21,92;3,41;18;28;78,12;11,68;55;94
2011-08-08;22,76;3,99;18;31;79,72;16,44;43;94
2011-08-09;23,56;2,33;21;28;71,68;9,36;55;83
2011-08-10;21,83;1,43;20;25;80,04;9,66;61;94
2011-08-11;20,96;1,81;19;24;72,17;8,85;57;83
2011-08-12;21,75;3,54;17;28;69,54;15,23;42;88
2011-08-13;22,42;5,26;16;31;68,17;21,3;29;94
2011-08-14;22,6;3,57;17;29;68,12;12,37;45;88
2011-08-15;23,29;1,97;21;27;75,12;9,4;61;88
2011-08-16;23,32;4,37;18;31;67,6;21,23;31;94
2011-08-17;25,62;5,31;19;34;51,12;21,67;19;78
2011-08-18;23,38;2,06;20;27;65,88;8,09;51;78
2011-08-19;24,24;5,06;18;35;67,48;23,35;20;94
2011-08-20;24,5;2,89;21;30;63,04;13,81;42;78
2011-08-21;17,88;1,18;16;21;82,42;6,29;64;88
2011-08-22;17,68;1,11;16;19;80,84;5,07;73;88
2011-08-23;20,58;2,75;18;25;78,17;10,37;61;88
2011-08-24;21,67;1,69;19;25;78,92;8,21;61;88
2011-08-25;23,08;2,62;20;28;76,46;11,32;55;94
2011-08-26;23,42;2,45;19;29;72,75;10,93;52;94
2011-08-27;22,08;1,1;21;24;72,25;6,07;61;83
2011-08-28;22,75;5,03;16;31;68,96;18,92;36;94
2011-08-29;26,5;5,91;19;35;55,29;24,04;23;88
2011-08-30;26,58;5,34;21;37;54,42;19,72;21;78
2011-08-31;22,35;2,64;19;28;77,62;9,37;51;88
2011-09-01;18,96;1,27;17;21;65,21;17,77;43;88
2011-09-02;18,38;1,71;16;22;59,88;13,4;35;77
2011-09-03;19,04;1,85;17;22;58,08;11,11;38;73
2011-09-04;18,92;4,21;12;25;65,96;14,4;44;88
2011-09-05;21,54;6,23;13;33;63,12;22,87;19;88
2011-09-06;21,96;3,76;16;27;70,48;12,85;51;88
2011-09-07;22,96;1,9;20;27;71,46;8,12;58;83
2011-09-08;23,6;4,17;18;32;69,72;18,69;31;94
2011-09-09;22,83;3,17;19;28;72,96;11,98;51;88
2011-09-10;23,92;2,1;21;28;66,62;11,48;45;83
2011-09-11;21,92;0,78;21;23;75,79;4,52;69;83
2011-09-12;20,32;1,03;19;22;78,4;7;69;88
2011-09-13;22,32;3,12;18;27;70,84;12,25;48;88
2011-09-14;20,78;1,05;19;22;85,44;3,31;78;94
2011-09-15;19,96;1,21;18;22;79,52;9,73;64;94
2011-09-16;21,25;2,33;19;25;64,21;10,27;47;78
2011-09-17;21,04;3,2;17;26;59,67;14,04;32;77
2011-09-18;21;3,72;16;27;66,08;15,08;42;88
2011-09-19;21,54;4,2;16;28;61,79;17,89;35;88
2011-09-20;22,58;5,06;15;31;56,71;18,18;27;88
2011-09-21;22,46;3,84;17;30;67;15,39;29;88
2011-09-22;22,12;1,08;21;24;74,29;6,04;65;83
2011-09-23;24,8;3,63;20;31;65,32;13,7;40;83
2011-09-24;22,5;0,66;21;23;73,71;3,76;69;78
2011-09-25;19,83;0,87;19;21;72,88;8,24;56;83
2011-09-26;20,04;2,97;16;25;63;13,76;41;83
2011-09-27;21,08;4,2;15;27;63,54;16,83;37;88
2011-09-28;21,58;2,32;18;26;68,83;10,05;54;88
2011-09-29;23,83;2,75;21;28;69,04;10,96;54;83
2011-09-30;24,92;4,78;19;33;67,33;17,34;36;88
2011-10-01;26,36;5,29;20;36;65,64;20,72;25;88
2011-10-02;23,83;1,9;21;28;68,42;8,61;54;83
2011-10-03;21,88;1,14;20;23;81,5;8,35;69;94
2011-10-04;21,75;0,9;20;23;74,38;7,02;65;88
2011-10-05;22,71;2,66;19;27;65,17;9,15;48;78
2011-10-06;24,33;3,81;20;31;70,5;15,75;46;88
2011-10-07;23,92;2,55;20;28;70,29;9,12;58;88
2011-10-08;25,79;3,12;22;31;67,38;13,65;43;83
2011-10-09;25,92;3,76;21;33;62,46;15,18;34;83
2011-10-10;27,5;3,88;23;35;61,62;16,62;34;83
2011-10-11;23,94;1,87;22;28;80,22;10,12;62;94
2011-10-12;23,96;2,01;22;29;78,83;10,24;55;100
2011-10-13;25,15;2,38;22;29;77;9,83;58;89
2011-10-14;27,62;3,82;24;34;70,54;18,92;41;94
2011-10-15;23,17;2,36;19;27;84,14;5,34;70;89
2011-10-16;20,33;1,37;18;23;87,12;7,31;73;94
2011-10-17;20,62;0,82;20;22;89,58;3,48;83;94
2011-10-18;21,17;2,08;19;25;77,62;15,66;57;94
2011-10-19;19,35;1,44;17;21;76,96;10,55;60;94
2011-10-20;20,46;2,26;17;25;67,79;12;47;88
2011-10-21;20,29;2,54;16;24;67,42;13,38;44;88
2011-10-22;20,08;0,76;19;21;77,4;4,16;73;83
2011-10-23;22,83;3,31;19;28;72,04;13,72;51;88
2011-10-24;24,04;3,71;19;30;64,54;14,61;40;83
2011-10-25;25,75;4,9;19;33;59,62;17,39;32;83
2011-10-26;28,75;3,82;23;35;52,88;12,6;32;73
2011-10-27;25,67;3,01;21;31;70,11;12,09;52;88
2011-10-28;25,32;2,61;22;29;71,92;10,84;55;88
2011-10-29;24,67;1,95;22;28;71,38;9,64;58;88
2011-10-30;25,08;3,26;22;32;67,96;13,52;43;83
2011-10-31;19,26;1,56;17;22;80,59;7,96;68;94
2011-11-01;18,16;1,07;17;20;82;6,4;68;94
2011-11-02;19,04;2,46;16;23;69,58;18,52;41;94
2011-11-03;19,88;2,38;16;23;65,58;14,21;50;88
2011-11-04;20,96;1,85;18;24;58,75;8,91;47;77
2011-11-05;21,88;2,4;18;26;59,83;7,89;50;77
2011-11-06;22,08;3,73;16;28;66,58;12,73;48;88
2011-11-07;22,83;2,08;20;26;69,88;9,01;57;83
2011-11-08;23,42;2,57;20;28;69,04;9,8;51;88
2011-11-09;24,88;3,65;20;30;67,08;16,18;45;88
2011-11-10;26,38;3,99;20;32;61,96;17,35;40;88
2011-11-11;26,58;3,08;22;32;66,71;12,65;46;83
2011-11-12;25,08;1,86;23;28;71,62;8,79;58;83
2011-11-13;24,04;1,54;22;27;77;8,85;62;94
2011-11-14;23,48;1,48;22;26;87,88;8,01;74;100
2011-11-15;23,88;1,17;22;26;83;7,69;69;94
2011-11-16;22,04;0,93;21;24;83,8;6,5;69;94
2011-11-17;20,88;1,56;19;24;75,5;9,35;61;88
2011-11-18;21,25;1,29;19;24;75,79;9;61;88
2011-11-19;21,46;1,44;20;24;71,83;7,79;57;83
2011-11-20;22,12;2,77;17;26;70,04;10,66;57;94
2011-11-21;24,96;4,06;19;32;64,92;14,25;40;88
2011-11-22;27,23;4,22;22;33;65,08;16,56;44;89
2011-11-23;23,68;0,9;22;25;82,71;9,69;61;94
2011-11-24;23,92;2,12;22;28;68,88;11,19;51;83
2011-11-25;23,17;2,06;20;26;76;8,01;65;88
2011-11-26;24,33;1,05;23;26;81,38;3,77;74;89
2011-11-27;23,68;0,95;23;26;84,08;6,39;70;94
2011-11-28;22,04;0,46;21;23;86,79;2,77;83;94
2011-11-29;24,5;3,02;21;29;73,62;15,61;51;94
2011-11-30;26,19;3,24;21;31;67,96;11,9;46;88
2011-12-01;27,8;3,89;23;36;63,08;17,21;34;89
2011-12-02;22,12;0,8;21;23;82,08;6,25;65;88
2011-12-03;21,54;1,64;19;25;76,38;9,61;57;88
2011-12-04;23,04;2,01;20;26;72,92;7,4;61;88
2011-12-05;24,08;2,02;22;28;74,38;6,55;62;83
2011-12-06;24,83;1,63;23;28;73,33;5,23;62;78
2011-12-07;25,42;1,6;23;28;74,96;5,59;66;83
2011-12-08;25,78;2,64;23;33;80,85;12,48;49;94
2011-12-09;24,88;1,48;23;27;86,21;5,56;74;94
2011-12-10;23,8;1,01;23;26;84,5;8,35;69;94
2011-12-11;23,17;2,08;20;26;74,43;11,75;58;88
2011-12-12;24,29;3,03;20;29;71,67;11,54;54;88
2011-12-13;26,24;3,65;22;32;73,12;13,08;52;94
2011-12-14;27,52;2,77;24;33;70,64;11,91;46;84
2011-12-15;25,4;1,08;24;27;80,8;7,65;66;94
2011-12-16;26,5;2,77;24;32;74,75;14,11;49;89
2011-12-17;27,52;3,82;23;34;71,6;17,39;41;94
2011-12-18;27,46;2,65;24;31;69,79;14,33;49;89
2011-12-19;24,48;2,54;22;31;82,68;10,9;55;94
2011-12-20;28,19;4,52;22;36;66,07;21,49;33;94
2011-12-21;28,04;3,3;24;35;61,67;11,1;37;78
2011-12-22;27,62;4,23;22;34;60,12;17,71;34;83
2011-12-23;28,92;4,31;23;36;59,29;16,47;33;83
2011-12-24;29,24;3,73;24;36;61,68;15,02;39;83
2011-12-25;27,33;1,61;25;31;69,29;7,61;55;79
2011-12-26;23,38;0,68;22;25;91,07;4,54;83;100
2011-12-27;23,64;1,29;22;26;84;7,59;70;94
2011-12-28;23,62;1,83;22;28;82,88;9,32;66;94
2011-12-29;22,48;0,96;21;25;81,2;6,94;65;88
2011-12-30;23,64;1,91;21;28;76,56;8,6;58;88
2011-12-31;24,96;2,29;22;29;77,33;8,23;62;89
2012-01-01;25;1,29;23;28;86,54;5,58;70;94
2012-01-02;22,07;1,05;21;25;93,73;4,61;78;100
2012-01-03;23,5;2,89;20;28;75,75;15,79;51;94
2012-01-04;24,38;2,22;22;28;74,5;7,66;62;83
2012-01-05;24,79;2,38;21;28;77,38;8,53;66;94
2012-01-06;25,92;3,31;23;33;75,08;13,57;49;89
2012-01-07;26,68;3,25;23;32;71,52;16,6;41;89
2012-01-08;25,19;1,62;23;29;78,74;9,28;62;89
2012-01-09;23,96;1,37;22;26;84,12;7,68;74;94
2012-01-10;24,62;1,81;22;28;80;5,29;69;89
2012-01-11;24,56;2,6;22;29;82,76;10,85;62;94
2012-01-12;26,25;2,71;23;31;73,46;13,47;46;89
2012-01-13;27,83;3,77;23;35;67,5;17,58;32;89
2012-01-14;30,33;4,06;25;36;53,33;14,65;34;74
2012-01-15;29,84;2,75;25;35;58,8;14,16;34;89
2012-01-16;25,93;2,12;23;31;80,46;9,07;62;89
2012-01-17;26,2;2,43;23;30;77,52;11,13;62;94
2012-01-18;26,67;1,97;25;31;73,21;8,55;55;83
2012-01-19;26,54;3,01;23;32;74,11;14,77;52;94
2012-01-20;26,96;3,26;23;33;73;15,73;49;94
2012-01-21;27,46;3,58;23;33;69,71;15,42;49;89
2012-01-22;27,62;3,4;24;34;67,42;14,23;44;83
2012-01-23;28,46;3,83;24;34;64;15,18;44;83
2012-01-24;28,96;4,03;23;35;59,12;16,29;32;83
2012-01-25;29,96;4,43;24;36;54,83;17,08;31;78
2012-01-26;28,56;2,22;24;32;65,08;11,63;52;94
2012-01-27;22,42;0,64;21;23;87,58;5,08;78;100
2012-01-28;21,26;1,51;19;25;90,59;6,63;74;100
2012-01-29;21,27;0,53;21;23;91,54;4,28;78;100
2012-01-30;22,88;2,52;20;27;81,62;12,21;62;100
2012-01-31;23,64;1,55;21;27;86,28;7,95;70;94
2012-02-01;26,54;4,34;21;33;72,19;18,19;44;94
2012-02-02;28,08;3,75;23;34;63,88;13,49;41;83
2012-02-03;28,04;3,9;22;34;60,67;14,84;36;83
2012-02-04;27,79;4,14;22;34;62,04;16,95;34;83
2012-02-05;28,33;4,38;23;35;61,83;17,51;32;83
2012-02-06;29,42;4,44;24;37;60,12;18,49;27;83
2012-02-07;28,96;3,22;25;35;64,71;13,98;39;89
2012-02-08;27,5;2,25;24;31;68,04;10,02;52;83
2012-02-09;27,96;3,07;24;34;65,08;12,28;41;83
2012-02-10;27,52;3;23;34;72,85;12,15;50;89
2012-02-11;27;2,57;24;32;77,8;12,85;52;94
2012-02-12;25,61;2,74;23;33;84,43;14,09;49;100
2012-02-13;26,73;2,78;23;31;76,12;14,51;55;94
2012-02-14;27,48;3,27;23;32;67,6;14,96;43;89
2012-02-15;27,33;3,13;23;32;66,42;14,29;46;89
2012-02-16;26,29;2,35;23;30;71,29;9,98;52;89
2012-02-17;26,71;2,42;23;30;70,96;10,47;55;89
2012-02-18;27,33;2,85;23;31;64,54;12,27;43;83
2012-02-19;27,88;3,51;23;34;64,08;15,46;38;83
2012-02-20;27,83;3,33;23;33;62,79;13,75;41;83
2012-02-21;27,46;3,61;22;32;61,33;14,36;41;83
2012-02-22;28,62;3,8;24;36;60,81;15;31;78
2012-02-23;28,54;2,65;25;34;64,58;13,29;44;84
2012-02-24;27,62;2,55;24;32;68,58;12,3;49;89
2012-02-25;27,65;3,02;24;32;70,19;14,97;52;94
2012-02-26;29,92;4,87;23;37;55,75;21,26;24;83
2012-02-27;29,17;2,06;26;33;60,42;8,45;46;74
2012-02-28;28;3,1;24;33;70,96;16,47;44;94
2012-02-29;29,08;4,14;23;35;58,29;15,92;34;83
2012-03-01;29,16;4,5;23;37;57,52;18,22;31;83
2012-03-02;29,54;4,35;24;38;57,25;17,63;29;89
2012-03-03;28,71;2,05;26;32;63,79;9,97;43;79
2012-03-04;26,11;1,5;24;30;80,93;9,22;59;89
2012-03-05;26,71;2,53;23;31;74,25;13,96;49;94
2012-03-06;26,92;2,38;23;31;70,75;11,81;52;89
2012-03-07;26,12;2,23;22;29;71,67;11,78;52;89
2012-03-08;26,21;2,65;22;31;71,08;14,86;40;94
2012-03-09;26,58;2,86;22;31;66,67;12,87;49;88
2012-03-10;26,71;2,58;23;31;66,92;15,23;48;89
2012-03-11;26,75;3,05;23;33;61,17;11,14;41;78
2012-03-12;26,6;2,97;23;32;73,2;14,84;49;94
2012-03-13;26,72;4,02;23;34;71,52;18,47;41;94
2012-03-14;28,17;4,52;24;36;66,75;20,75;31;89
2012-03-15;28,17;3,75;24;35;70,42;20,23;37;94
2012-03-16;24,77;1,14;23;28;84,38;7,56;62;94
2012-03-17;24,79;1,72;23;28;78,58;13,98;58;94
2012-03-18;24,58;2,15;22;28;69,75;14,06;48;88
2012-03-19;24,62;1,84;23;29;71,54;9,03;55;83
2012-03-20;25,62;2,12;23;29;71,54;10,52;55;89
2012-03-21;27,08;3,71;22;34;69,68;18,8;38;94
2012-03-22;28,38;4,21;24;36;66,81;18,28;35;89
2012-03-23;25,58;2,12;23;30;80,21;10,39;62;94
2012-03-24;25,74;2,46;23;31;82,74;11,84;59;100
2012-03-25;25,88;2,31;23;30;81,62;13,39;58;94
2012-03-26;27,33;1,99;25;31;77,46;8,22;66;89
2012-03-27;28,17;3,6;24;35;73,67;16,31;42;94
2012-03-28;25,29;2,14;21;28;79,82;6,18;66;89
2012-03-29;22,08;1,61;20;25;86,84;10,11;69;100
2012-03-30;24,62;1,95;22;28;79,17;9,57;62;94
2012-03-31;25,48;1,89;24;29;76,11;9,09;58;89
2012-04-01;24,38;2,36;21;28;78;12,17;58;94
2012-04-02;25,24;2,4;22;30;76,96;10,47;55;94
2012-04-03;26;1,82;24;29;79,58;10,04;62;94
2012-04-04;26,48;3,28;23;32;76,48;15,01;49;94
2012-04-05;26,58;2,5;23;32;74,88;10,21;52;89
2012-04-06;27,08;2,78;23;32;71,92;9,56;56;89
2012-04-07;25,64;1,22;24;28;79,64;6,36;70;89
2012-04-08;25,78;2,59;23;31;79,41;11,41;55;94
2012-04-09;25,23;2,34;22;30;83,58;9,36;62;94
2012-04-10;24,69;2,15;22;29;81,5;10,35;58;94
2012-04-11;26,21;2,86;23;31;76,38;13,31;59;94
2012-04-12;26,67;2,63;23;31;73,96;13,88;49;89
2012-04-13;27,04;3,42;23;35;73,04;14,77;39;89
2012-04-14;27,42;2,43;24;33;73,42;10,89;49;94
2012-04-15;28,96;4,11;25;36;68,22;19,69;35;89
2012-04-16;23,74;1,16;22;27;84,7;6,41;70;94
2012-04-17;23,64;2,61;20;28;79,12;14;51;94
2012-04-18;23,83;2,58;20;27;75,46;12,26;58;94
2012-04-19;24,17;2,53;20;28;73,29;11,73;51;94
2012-04-20;24,42;3,27;20;31;71,08;14,84;43;94
2012-04-21;24,92;1,58;23;28;78,08;7,48;62;89
2012-04-22;23,42;1,06;22;26;85,15;5,54;70;94
2012-04-23;23,21;1,69;21;26;80,17;10,42;61;94
2012-04-24;23,64;2,31;20;28;79,72;12,43;55;100
2012-04-25;24,42;2,98;20;29;78,21;12,7;55;94
2012-04-26;26,76;3,74;22;33;73,12;16,76;49;94
2012-04-27;26,08;2,54;23;32;74,21;13,42;49;94
2012-04-28;24,2;1,53;22;26;78,28;10,57;61;94
2012-04-29;23,85;1,35;22;26;76,42;8,02;61;88
2012-04-30;21,97;1,1;20;24;90,87;5,67;74;100
2012-05-01;19,2;0,65;18;20;91;4,39;83;100
2012-05-02;20,96;3,3;16;26;70,38;15,47;48;94
2012-05-03;22,33;2,33;20;26;76,21;12,27;57;94
2012-05-04;22,8;2,02;20;26;79,4;9,74;61;94
2012-05-05;22,73;2,39;20;27;80,12;11,41;58;94
2012-05-06;23,46;2,25;20;27;75,25;12,07;58;94
2012-05-07;22,46;2,32;19;27;76,21;11,01;54;94
2012-05-08;21,8;1,5;20;24;81,16;8,57;65;94
2012-05-09;22,62;2,43;20;27;78,08;13,31;54;94
2012-05-10;23;3,41;18;29;74,88;13,79;45;94
2012-05-11;25;3,64;20;31;73,32;17,17;43;94
2012-05-12;25,25;3,89;20;31;67,88;19;38;94
2012-05-13;23,04;1,71;20;26;82,19;10,43;61;94
2012-05-14;19,93;1,46;18;23;88,54;7,27;73;100
2012-05-15;18,9;0,98;18;21;90,17;6,35;73;100
2012-05-16;20,58;2,22;18;24;79,79;11,48;61;94
2012-05-17;20,77;2,25;18;26;82;14,63;50;100
2012-05-18;20,67;2,62;17;26;79,38;13,09;51;94
2012-05-19;20,5;2,64;16;25;75,83;14,09;54;94
2012-05-20;20,75;2,83;16;25;70,04;15,08;44;94
2012-05-21;21,21;3,24;17;26;73,67;14,5;51;94
2012-05-22;21,12;2,98;17;26;75,04;13,1;50;94
2012-05-23;21,42;2,9;18;27;79,12;13,76;51;94
2012-05-24;21,17;2,51;18;25;80,88;12,79;54;94
2012-05-25;22;3,24;18;27;81,08;13,08;58;94
2012-05-26;24,12;2,98;21;30;70,73;14,97;43;94
2012-05-27;22,4;2,71;19;28;83,64;13,01;55;100
2012-05-28;22,79;3,45;19;29;79,08;12,03;58;94
2012-05-29;24,12;3,7;20;31;77,62;16,33;40;94
2012-05-30;25,72;4,12;21;33;71,72;18,63;36;94
2012-05-31;24,08;1,21;22;27;78,96;5,34;66;89
2012-06-01;23,88;1,19;23;27;79,54;5,93;66;89
2012-06-02;23,92;1,61;22;27;81,42;6,75;70;89
2012-06-03;25,5;4,16;21;33;75,38;22,16;36;100
2012-06-04;26,38;4,03;21;33;69,88;18,1;38;94
2012-06-05;26,33;1,83;24;29;69,33;9,9;55;89
2012-06-06;23,44;0,71;22;25;88,8;3,56;83;94
2012-06-07;22,39;0,96;20;24;88,25;5,07;78;94
2012-06-08;20,12;1,18;19;22;87,42;6,86;73;94
2012-06-09;20,15;0,46;19;21;89,88;3,2;83;94
2012-06-10;21,08;1,82;19;24;82,42;9,96;65;94
2012-06-11;20,64;2,83;17;27;81,48;12,84;51;94
2012-06-12;21;2,7;17;25;80,75;9,23;65;94
2012-06-13;22,62;2;20;27;80,46;10,93;54;94
2012-06-14;23,04;2,23;21;27;78,8;12,55;51;94
2012-06-15;22,42;2,1;20;27;82,5;11,72;54;94
2012-06-16;23,12;3,21;20;29;76,75;18,69;45;94
2012-06-17;22,38;1,91;20;25;75,17;8,83;61;88
2012-06-18;23,04;3,11;19;29;76,58;13,44;54;94
2012-06-19;24,46;3,58;20;30;70,71;17,6;40;94
2012-06-20;22,72;0,74;22;24;84,8;5,97;69;94
2012-06-21;23,07;1,17;21;26;87,81;7,2;74;100
2012-06-22;22,65;2,12;21;27;87,62;13,41;62;100
2012-06-23;22,33;1,46;21;26;69,38;9,06;51;83
2012-06-24;20,88;2,14;18;24;83,08;11,91;61;100
2012-06-25;20,84;2,81;17;26;81,4;11,9;61;100
2012-06-26;22;2,1;19;26;78,88;13,62;51;94
2012-06-27;20,96;2,96;16;25;75,96;13,3;54;94
2012-06-28;21,54;2,86;17;26;79,96;10,78;54;94
2012-06-29;22,28;2,75;19;28;83,52;14,3;55;100
2012-06-30;22,52;3,45;18;29;76,84;14,45;51;94
2012-07-01;22,84;3,48;18;29;77,56;14,29;45;94
2012-07-02;23,6;4,02;18;31;77,4;17,24;43;94
2012-07-03;23,42;4,5;17;30;72,71;20,34;33;100
2012-07-04;23,33;3,63;18;29;67,12;19,35;35;88
2012-07-05;23,12;3,69;18;29;67,71;16,92;37;88
2012-07-06;23,25;4,1;17;29;69,54;21,44;37;94
2012-07-07;23,24;3,6;18;29;68,16;15,02;42;94
2012-07-08;20,14;0,99;18;22;86,69;3,39;78;94
2012-07-09;19,2;1,63;17;23;81,32;15,21;53;100
2012-07-10;18,46;3,22;14;24;72,83;19,77;36;94
2012-07-11;20,46;5,12;15;29;71,96;19,89;37;94
2012-07-12;21,63;2;18;25;78,96;9,76;57;94
2012-07-13;21,17;0,64;20;22;74,17;10,01;64;94
2012-07-14;20,5;1,5;18;23;75,67;7,33;65;88
2012-07-15;19,71;0,81;19;21;83,67;7,56;69;94
2012-07-16;18,54;0,51;18;19;86,82;5,23;78;94
2012-07-17;20,46;2,6;18;26;79,42;11,6;58;94
2012-07-18;20,79;0,78;20;22;79,5;5,52;69;88
2012-07-19;18,68;1,07;17;20;75,32;7,11;64;88
2012-07-20;19,33;2,78;14;23;76,62;12,33;53;94
2012-07-21;19,07;3,58;15;27;84,41;13,28;51;94
2012-07-22;21,96;4,75;16;30;72,79;20,33;40;94
2012-07-23;21,88;3,21;17;27;76,71;11,79;48;88
2012-07-24;23,32;3,08;19;28;77,36;14,16;51;94
2012-07-25;23,8;4,21;18;31;68,64;19,47;33;94
2012-07-26;23,36;3,72;19;31;76,52;16,5;46;94
2012-07-27;22,62;3,69;18;30;73,12;16,41;35;94
2012-07-28;22,46;2,38;19;27;79,67;12,65;54;94
2012-07-29;23,79;3,16;20;29;74,25;15,78;43;94
2012-07-30;22,96;2,42;18;27;73,71;11,25;54;94
2012-07-31;22,25;1,82;20;26;83,29;10,39;61;94
2012-08-01;22,38;2,53;19;27;76,58;11,81;58;94
2012-08-02;23,12;3,22;19;28;74,75;14,87;48;94
2012-08-03;23,21;3,74;18;29;71,54;17,27;40;94
2012-08-04;24,04;4,59;18;31;67,42;24,75;31;94
2012-08-05;22,04;2,42;19;28;73,29;12,12;40;88
2012-08-06;21,27;1,46;18;24;69,85;12,3;50;88
2012-08-07;19,46;3,22;15;24;72;14,95;47;94
2012-08-08;20,75;3,07;16;25;72,96;11,87;50;88
2012-08-09;21,46;3,3;16;27;72,54;18,27;41;94
2012-08-10;21,71;4,39;16;29;69,42;19,48;35;94
2012-08-11;22,42;4,09;16;29;66,88;18,85;33;94
2012-08-12;22,54;3,87;17;29;68,62;17,67;37;94
2012-08-13;23,54;4,03;18;30;67,58;19,11;35;88
2012-08-14;22,38;2,55;18;27;76,5;11,15;54;94
2012-08-15;21,62;2,81;17;27;77,25;10,76;54;94
2012-08-16;22,54;3,15;18;28;71,79;15,65;42;94
2012-08-17;22,29;3,24;17;28;71,54;13,62;45;88
2012-08-18;22;3,02;16;27;71,96;13,56;51;94
2012-08-19;22,71;2,61;19;27;66,75;14,35;45;83
2012-08-20;21,88;3,94;16;28;67,88;17,27;40;94
2012-08-21;22,33;3,81;17;28;67,96;17,06;37;88
2012-08-22;22,46;3,88;17;29;64,38;18,04;33;88
2012-08-23;22,54;3,48;17;28;67,67;14,51;42;88
2012-08-24;22,58;3,41;17;28;69,29;15,99;42;94
2012-08-25;22,38;4,29;17;30;65,46;18,71;33;88
2012-08-26;20,96;2,88;17;26;77,46;12,74;54;94
2012-08-27;21,96;1,81;20;26;76,04;9,8;61;88
2012-08-28;21,75;1,22;20;25;75,25;8,01;57;88
2012-08-29;20,96;2,18;18;25;76,92;14,53;50;94
2012-08-30;20,69;2,13;19;25;74,35;13,83;47;88
2012-08-31;20,08;2,48;15;25;69,29;18,52;36;94
2012-09-01;19,88;3,98;14;26;69,75;15,88;44;94
2012-09-02;21,67;2,9;18;26;72,29;12,99;48;88
2012-09-03;22,71;2,97;19;28;71,88;16,51;40;88
2012-09-04;20,62;0,92;19;22;70,46;8,49;56;94
2012-09-05;21,08;3,28;15;27;63,12;11,77;45;83
2012-09-06;21,33;3,69;16;27;70,58;14,24;48;88
2012-09-07;22,62;2,67;18;28;72,71;10,76;51;88
2012-09-08;25,54;5,65;19;34;64,5;24,21;28;94
2012-09-09;27,42;5,72;21;38;59,21;25,2;16;88
2012-09-10;24,92;2,38;22;30;68,96;10,74;49;83
2012-09-11;24,12;3,4;19;29;72,96;15,69;51;94
2012-09-12;24,17;1,13;23;26;72,58;7,59;61;83
2012-09-13;22,73;1,43;20;26;80,15;7,12;65;88
2012-09-14;22,62;1,41;21;26;75,58;10,99;57;88
2012-09-15;23,5;3,22;19;28;69,21;12,65;51;88
2012-09-16;25,21;4,62;19;34;64,12;17,96;30;88
2012-09-17;26,21;3,79;21;33;65,92;16,76;38;88
2012-09-18;26,78;3,92;22;36;61,22;15,49;29;83
2012-09-19;30,12;6,85;21;40;51,33;25,56;18;83
2012-09-20;25,96;1,97;23;30;68,83;12,05;45;83
2012-09-21;24,59;3,01;21;32;75,97;14,04;41;94
2012-09-22;21,38;0,65;20;22;78,83;10,51;57;94
2012-09-23;21,25;1,54;19;24;68,46;12,32;50;83
2012-09-24;23,04;3,79;18;29;60,08;12,31;37;77
2012-09-25;25,52;3,9;21;33;63,7;14,67;38;83
2012-09-26;19,04;1,77;17;22;83,36;14,64;52;100
2012-09-27;17,29;2,03;14;21;68,38;12,45;43;88
2012-09-28;18,67;2,63;15;22;64,58;13,92;46;82
2012-09-29;18,79;2,9;14;23;65,92;12,83;50;88
2012-09-30;20,42;3,03;16;25;57,25;13,09;36;77
2012-10-01;21,46;4,59;15;28;62,67;15,55;37;88
2012-10-02;23,42;4,19;19;30;69,27;18,1;43;94
2012-10-03;25,38;4,23;20;32;64,46;17,39;41;88
2012-10-04;25,58;3,91;20;31;62,42;14,46;43;88
2012-10-05;25,42;3,55;21;31;66,71;14,42;46;88
2012-10-06;25,25;3,34;20;30;61,58;12,43;43;83
2012-10-07;25,75;4,44;20;33;56,92;19,62;26;83
2012-10-08;25,71;3,72;21;32;58,25;15,75;31;83
2012-10-09;26,46;4,92;20;34;54;19,86;24;78
2012-10-10;28,62;5,12;21;36;48,71;19,73;24;78
2012-10-11;26,12;2,13;23;29;64,33;9,19;52;89
2012-10-12;22;1,17;20;25;83,08;8,76;61;94
2012-10-13;20,7;0,95;20;23;88,7;6,55;73;94
2012-10-14;21,04;1,33;19;23;73,96;13,76;50;88
2012-10-15;21,25;2,52;17;25;69,42;15,61;39;94
2012-10-16;22,83;3,42;17;28;66,67;13,82;48;88
2012-10-17;24,25;3,31;20;29;64,17;13,93;43;83
2012-10-18;27;4,23;22;34;57,83;18,4;28;83
2012-10-19;23,33;0,87;22;25;75,46;6,03;65;88
2012-10-20;24,83;3,14;21;30;69,21;13,4;49;88
2012-10-21;26,56;4,72;22;35;66,16;18,08;39;88
2012-10-22;26,24;2,5;23;31;70,2;9,02;55;83
2012-10-23;26,93;2,21;23;31;70,32;10,9;46;89
2012-10-24;26,44;2,62;24;31;65,84;17;38;89
2012-10-25;24,08;1,89;22;28;70,88;7,72;58;83
2012-10-26;25,21;2,43;22;29;77,33;11,67;58;94
2012-10-27;27,08;3,32;24;33;69,92;12,91;49;83
2012-10-28;27,72;2,35;25;32;68,72;9,49;52;83
2012-10-29;26,75;1,85;24;30;71,58;9,69;58;89
2012-10-30;27,42;2,56;24;33;70,69;9,67;49;83
2012-10-31;28,92;2,9;25;34;69,62;12,58;50;89
2012-11-01;26,04;1,52;23;28;72,5;6,92;58;89
2012-11-02;22,24;1,01;21;24;83,96;7,91;69;94
2012-11-03;22,79;1,59;21;25;78,29;8,75;65;88
2012-11-04;23,67;1,69;22;27;76,04;7,89;62;88
2012-11-05;24,58;1,41;23;28;78,04;7,23;62;89
2012-11-06;25,2;1,91;23;28;74,76;9,72;58;89
2012-11-07;25,83;2,33;22;29;70,21;10,32;55;88
2012-11-08;26;2,3;23;31;70,62;9,74;49;83
2012-11-09;25,79;1,69;24;29;74,62;7,41;62;83
2012-11-10;23,62;0,92;22;25;86,29;4,32;78;94
2012-11-11;27,54;4,71;22;34;66,71;21,52;36;94
2012-11-12;28,33;1,88;25;31;59,71;8,06;52;78
2012-11-13;23,04;1,32;21;25;87,82;4,15;78;94
2012-11-14;20,82;1,02;20;23;85,25;8,67;69;94
2012-11-15;20,46;1,56;18;24;83,54;9,86;61;94
2012-11-16;20,96;0,95;20;23;82,62;5,78;73;94
2012-11-17;20,75;1,26;19;23;84,46;6,61;73;94
2012-11-18;22,2;2,38;19;26;76,56;14,82;57;94
2012-11-19;24,29;3,13;20;29;68,29;12,83;48;88
2012-11-20;23,79;2,3;21;29;75,54;8,91;58;89
2012-11-21;24,79;2,28;21;29;70,67;13,23;48;94
2012-11-22;24,38;2,04;22;28;72,5;11,6;48;88
2012-11-23;25;2,52;22;30;70,08;10,12;55;83
2012-11-24;26,92;4,79;22;38;69,17;17,18;31;94
2012-11-25;23,44;0,87;22;25;86,44;5,88;69;94
2012-11-26;22,73;0,87;22;25;90;5,58;74;94
2012-11-27;22,96;0,96;22;26;87,75;5,38;74;94
2012-11-28;23,64;2,23;21;28;81,08;10,77;58;94
2012-11-29;25;2,34;21;29;77,83;10,41;58;94
2012-11-30;25,17;2,04;22;29;70,08;9,79;55;83
2012-12-01;25,5;2,64;22;30;68,54;10,06;49;83
2012-12-02;27,12;3,28;23;34;71,88;14,45;41;94
2012-12-03;26,56;1,73;24;30;74;8,23;58;89
2012-12-04;27,25;3,43;23;32;73,67;15,77;49;94
2012-12-05;28,29;3,46;24;33;66,12;13,54;46;83
2012-12-06;29,38;4,37;24;37;60,96;17,11;37;83
2012-12-07;30,54;4;25;37;61,5;17,94;35;89
2012-12-08;32,04;2,66;28;37;53,38;10,86;35;74
2012-12-09;27,36;1,25;25;30;73;5,65;62;83
2012-12-10;26,88;2,52;24;31;72,21;11,56;55;89
2012-12-11;29,82;4,58;24;38;62,79;18,7;35;89
2012-12-12;28,33;1,9;26;32;67,92;10,54;49;84
2012-12-13;27,58;3,34;25;34;76,31;15,05;47;89
2012-12-14;25,9;2,09;23;30;84,38;9,28;66;94
2012-12-15;26,84;3,31;23;34;80,6;15,67;44;94
2012-12-16;27,28;1,77;25;31;81,16;9,78;62;94
2012-12-17;28,25;3,67;25;34;72,5;19,29;39;94
2012-12-18;28,58;3,15;25;33;68,67;17,66;41;89
2012-12-19;27;2,4;24;32;80,12;11,2;59;94
2012-12-20;28,75;3,71;25;34;72,62;15,77;50;94
2012-12-21;29,36;2,66;25;33;67,04;12,43;52;89
2012-12-22;29,04;1,9;27;32;68;9,99;52;84
2012-12-23;27,96;1,73;26;32;73,17;9,76;52;89
2012-12-24;28,38;2,96;24;33;70,12;13,19;49;89
2012-12-25;30,46;5,06;24;38;60,29;21,42;27;89
2012-12-26;32,5;4,44;27;40;55,08;18,33;26;84
2012-12-27;31,17;2,04;28;35;60,04;9,99;42;79
2012-12-28;28,96;2,15;26;33;68,28;8,71;53;79
2012-12-29;29,15;3,18;25;35;65,81;14,55;32;84
2012-12-30;27,71;2,99;25;34;72,29;12,6;44;89
2012-12-31;28,84;4,34;24;36;68,04;19,2;39;89
2013-01-01;30,92;4,45;25;37;53,92;17,65;29;78
2013-01-02;29,29;2,03;26;32;64,5;8,94;52;79
2013-01-03;24,82;0,86;23;27;91,75;4,93;79;100
2013-01-04;25,04;0,95;24;27;84,67;4,39;79;89
2013-01-05;26,67;2,51;23;30;75,5;12,13;55;94
2013-01-06;29;4,09;24;36;66,68;17;39;89
2013-01-07;30,42;3,61;26;37;54,58;12,75;31;74
2013-01-08;30,67;4,58;20;37;57,92;18,23;31;88
2013-01-09;28,5;3,12;26;35;71,88;16,7;39;89
2013-01-10;25,07;1,3;22;26;89,52;3,77;84;94
2013-01-11;22;0,51;21;23;89,17;3,93;83;94
2013-01-12;22,96;1,63;21;26;81,96;5,71;69;89
2013-01-13;26,08;2,26;23;30;76,88;11,86;55;94
2013-01-14;24,96;2,63;22;30;80,5;9,94;62;94
2013-01-15;24,82;2,7;22;30;82,75;11,31;59;94
2013-01-16;25,38;2,62;22;30;81,75;11,65;55;94
2013-01-17;26,38;3,38;22;33;80,28;16,99;46;94
2013-01-18;25,08;2,62;21;29;84,27;11,58;66;100
2013-01-19;26,54;2,08;24;30;78,12;11,94;55;94
2013-01-20;25,21;1,7;23;28;81,14;11,76;58;94
2013-01-21;23,22;0,8;22;25;88,59;4,72;78;100
2013-01-22;23,03;1,24;22;26;91,38;8,33;74;100
2013-01-23;25;2,8;22;29;80,46;28,29;55;100
2013-01-24;26,17;3,31;22;32;69,62;11,37;49;88
2013-01-25;30,08;4,44;24;37;64,4;19,78;40;94
2013-01-26;27,68;2,54;24;32;78,14;13,69;56;94
2013-01-27;24,58;1,35;23;27;81,54;9,13;66;94
2013-01-28;23,92;1,32;22;27;76,29;9,75;54;94
2013-01-29;22,71;0,95;22;25;91,54;3,87;78;94
2013-01-30;24,44;2,12;22;28;79,72;12,31;58;94
2013-01-31;25,75;1,96;23;29;80,96;8,4;66;94
2013-02-01;27;2,53;24;31;77,92;10,1;62;89
2013-02-02;28,8;3,04;25;34;71,6;12,68;50;89
2013-02-03;28,69;3,18;25;35;68,92;18,69;36;94
2013-02-04;24,62;1,46;23;28;89,14;6,43;74;100
2013-02-05;23,5;1,36;21;26;88,19;7,3;74;94
2013-02-06;23,88;2,51;21;28;79,58;10,75;62;94
2013-02-07;25,08;1,77;23;29;81,71;7,23;70;94
2013-02-08;26,36;2,93;23;31;78,92;12,8;59;94
2013-02-09;27,88;2,07;25;32;76,25;10,23;59;89
2013-02-10;28,04;2,18;26;32;75,29;11,3;56;89
2013-02-11;28,96;3,29;25;35;72,08;14,93;47;94
2013-02-12;29,75;3,94;25;37;63,75;16,65;35;84
2013-02-13;29,8;3,01;26;35;67,88;15,62;39;89
2013-02-14;30,04;3,3;26;36;66,68;17,92;37;89
2013-02-15;29,79;2,8;25;34;68,33;12,93;47;94
2013-02-16;30,5;3,15;27;36;65,88;15,63;39;89
2013-02-17;30,71;2,79;27;37;66,29;13,74;33;89
2013-02-18;30;4,08;25;37;62,42;17,12;31;89
2013-02-19;29,21;2,3;26;33;70,71;9,02;56;84
2013-02-20;29,17;3,09;25;34;66,79;15,71;46;89
2013-02-21;29,17;4,23;23;36;60,96;17,47;31;83
2013-02-22;29,29;3,92;24;36;63,17;16,16;35;83
2013-02-23;28,88;1,96;26;32;69,25;10,67;49;89
2013-02-24;28,17;2,75;24;33;69,75;14,75;44;89
2013-02-25;29,42;4,41;24;37;59,67;17,7;31;83
2013-02-26;29,08;3,91;23;37;67,88;16,81;35;100
2013-02-27;26,25;2,71;23;31;76,71;14,78;52;94
2013-02-28;24,64;1,47;22;27;84,56;7,67;70;94
2013-03-01;23,96;0,75;22;25;82,33;5,87;74;94
2013-03-02;23,46;1,53;22;26;88,25;7,27;70;94
2013-03-03;26,33;2,91;23;31;79,33;13,54;52;94
2013-03-04;28,43;4,24;24;36;66,61;16,89;35;89
2013-03-05;28,08;3,98;24;36;71,12;18,27;39;94
2013-03-06;27,54;3,91;24;36;77,71;15,32;47;94
2013-03-07;28,29;1,71;26;31;73,38;10,58;59;89
2013-03-08;28,42;2;26;33;75,79;9,26;53;89
2013-03-09;28,25;2,73;24;33;75,89;11,52;53;89
2013-03-10;28,8;4,29;24;36;72,08;20,11;42;94
2013-03-11;27,73;1,85;25;31;76,23;9,07;59;89
2013-03-12;27,88;2,72;25;33;79,25;12,31;56;94
2013-03-13;29,28;3,77;26;38;72,8;17,22;35;94
2013-03-14;25,38;1,06;23;26;86,04;6,1;74;94
2013-03-15;25,32;1,89;23;28;80,88;11,56;62;94
2013-03-16;26,96;2,14;25;31;77,79;8,98;59;89
2013-03-17;27,24;2,17;24;31;78,8;11,42;59;94
2013-03-18;23,04;0,76;21;24;90,44;4,83;83;100
2013-03-19;22,52;1,45;21;25;82,72;9,55;61;94
2013-03-20;24,04;1,92;21;27;78,21;7,86;66;94
2013-03-21;25,83;2,46;23;29;78,33;9,3;62;89
2013-03-22;27,54;2,98;25;35;79,25;13,99;47;94
2013-03-23;26,88;1,64;25;30;76,84;9,34;59;89
2013-03-24;25;1,61;23;29;86,68;7,82;66;94
2013-03-25;25,79;2;24;30;80;10,81;62;94
2013-03-26;25,8;1,32;24;29;79,88;6,57;66;89
2013-03-27;23,85;1,05;23;26;89,65;5,37;79;94
2013-03-28;24,71;1,83;23;28;72,67;15,13;51;89
2013-03-29;24,16;1,52;22;27;76,04;9,91;58;94
2013-03-30;23,27;2,09;20;27;82,54;10,37;65;100
2013-03-31;24,08;3,19;21;29;81;13,06;55;94
2013-04-01;26,08;2,28;23;30;78,12;11,47;52;94
2013-04-02;26,31;2,48;22;31;81,38;10,67;62;94
2013-04-03;23,88;1,56;22;27;90,12;5,33;79;94
2013-04-04;25,96;2,05;23;29;79,17;8,95;62;94
2013-04-05;25,62;1,5;24;29;84,33;7,59;66;94
2013-04-06;26,54;2,25;24;30;80,71;12,07;59;94
2013-04-07;26,46;1,59;25;30;79,12;9,8;59;94
2013-04-08;25,71;1,68;24;29;72,21;9,1;55;83
2013-04-09;24,33;1,13;23;26;80,58;6,6;74;89
2013-04-10;24,17;1,4;22;26;77,75;8,75;65;89
2013-04-11;25,58;2,06;23;29;71,62;11,82;52;94
2013-04-12;26,67;3,5;22;32;70,12;13,08;49;89
2013-04-13;26,79;2,7;23;33;79,07;13,92;49;100
2013-04-14;22,6;1,07;21;25;88,5;4,14;78;94
2013-04-15;22,12;1,65;20;25;80,21;10,53;65;94
2013-04-16;24,04;3,25;20;31;69,88;18,9;31;94
2013-04-17;23,38;1,91;21;26;65,29;16,21;37;83
2013-04-18;22,04;2,9;18;27;71,75;11,18;51;88
2013-04-19;23,46;2,11;21;28;74,67;13,82;45;94
2013-04-20;22,92;1,75;21;26;73,88;12,15;57;88
2013-04-21;22,46;1,35;21;25;76,96;7,34;61;88
2013-04-22;22,08;2,72;19;27;77,21;18,95;42;94
2013-04-23;22,79;2,34;19;27;71,54;13,64;51;88
2013-04-24;22,54;2,6;19;27;72,42;14,48;48;94
2013-04-25;22,5;2,6;19;27;74,5;12,71;54;94
2013-04-26;22,67;3,27;18;28;74,83;14,68;48;94
2013-04-27;23,12;3,03;19;28;73,83;13,57;51;88
2013-04-28;23,38;3;19;29;74,54;16,4;40;94
2013-04-29;23,25;2,52;20;28;74,79;11,71;51;94
2013-04-30;24,79;4,13;20;32;71,12;18,7;38;94
2013-05-01;24,58;2,76;20;29;73,29;12,77;48;88
2013-05-02;23,92;2,39;21;28;78,58;11,81;55;94
2013-05-03;24,71;2,99;21;31;75,67;15,24;40;94
2013-05-04;25,28;4,07;21;33;73,8;19,02;41;94
2013-05-05;25,68;3,73;21;31;68,28;13,19;49;88
2013-05-06;21,65;1,81;19;25;83,54;9,05;69;94
2013-05-07;21,12;3,05;17;26;73,38;14,24;45;94
2013-05-08;21,83;1,52;20;24;63,71;15,19;41;88
2013-05-09;20,12;3,47;15;25;71,75;14,43;44;88
2013-05-10;21,36;3,08;17;26;75,56;13,77;54;94
2013-05-11;21,88;3,62;16;27;70,38;16,23;42;94
2013-05-12;22,75;3,86;18;29;69,88;19,32;35;94
2013-05-13;23,04;3,8;18;29;75,25;17,63;43;94
2013-05-14;24,52;4,39;19;31;72,28;19,42;36;94
2013-05-15;25,83;4,28;21;33;70,83;19,22;34;94
2013-05-16;25,88;3,84;21;32;70,54;18,88;37;94
2013-05-17;22,52;1,65;20;26;88,85;6,43;74;94
2013-05-18;20,68;0,99;19;22;88,08;6,4;78;94
2013-05-19;21,5;2,04;18;25;78,67;10,82;61;94
2013-05-20;22,83;2,63;19;27;74,38;11,93;51;94
2013-05-21;23,75;2,25;21;27;75,54;12,3;58;94
2013-05-22;23,58;1,47;22;27;72;11,39;51;88
2013-05-23;21,92;1,79;20;25;80,29;10,85;57;94
2013-05-24;21,12;1,36;19;24;82,92;8,55;65;94
2013-05-25;21,58;2,04;19;25;77,38;13,9;50;94
2013-05-26;21,46;2,48;18;25;75,38;12,18;57;94
2013-05-27;21,79;3,41;17;27;73,46;13,04;51;88
2013-05-28;23,44;3,12;18;29;69,96;12,41;48;94
2013-05-29;23,96;3;21;29;72,92;18,21;48;94
2013-05-30;24,81;1,75;22;28;67,48;12,64;42;94
2013-05-31;20,88;1,18;20;24;87,23;6,77;69;94
2013-06-01;20,26;2,92;18;27;87,41;10,83;61;94
2013-06-02;23,72;4,32;18;31;74,84;17,22;46;94
2013-06-03;22,17;1,17;20;24;85,58;6,76;69;94
2013-06-04;20,61;1,55;18;24;86,79;8,64;69;100
2013-06-05;20,82;2,72;18;26;85,86;11,57;61;100
2013-06-06;22,75;3,08;19;29;81,08;15,41;48;100
2013-06-07;23,08;2,75;19;28;80,92;10,57;62;100
2013-06-08;23,28;2,11;20;27;81,2;9,5;62;94
2013-06-09;23,21;1,61;21;26;76,71;9;61;94
2013-06-10;22,42;3,11;19;28;76,73;16,15;45;94
2013-06-11;22,54;3,89;17;29;73,92;17,81;40;94
2013-06-12;22,83;2,58;19;28;78,71;15,18;35;94
2013-06-13;23,42;2,08;20;28;77,83;10,63;58;94
2013-06-14;23,44;1,85;21;27;79,56;12,55;58;94
2013-06-15;20,92;1,02;19;23;86,77;6,48;73;94
2013-06-18;23,12;1,48;21;26;74,12;10,73;54;88
2013-06-19;21,5;2,73;18;26;83,15;13,39;51;94
2013-06-20;21,85;2,39;19;27;85,85;9,09;62;94
2013-06-21;22,68;2,95;19;29;80,44;14,69;51;94
2013-06-22;24,42;2,22;21;28;65,67;10,26;45;88
2013-06-23;21,38;1,06;20;23;74,79;9,02;61;88
2013-06-24;21,42;1,61;19;24;78,17;11,2;61;94
2013-06-25;22,25;2,95;19;28;74,29;11,35;51;88
2013-06-26;22,75;2,47;19;28;77,46;10,89;54;94
2013-06-27;22,83;2,37;19;27;81,12;9,87;62;94
2013-06-28;22,88;1,57;20;26;84,04;9,12;65;94
2013-06-29;24,22;3,95;20;32;76,85;19,6;38;94
2013-06-30;23,71;1,43;21;27;78,42;8,56;51;88
2013-07-01;23,44;1,69;21;27;82,88;7,71;65;94
2013-07-02;20,04;0,85;18;22;88,59;5,84;69;94
2013-07-03;20,29;1,68;18;23;77,33;7,82;65;88
2013-07-04;20,04;3,3;15;25;76;16,32;44;100
2013-07-05;20,17;3,38;16;26;74,75;16,29;44;94
2013-07-06;20,17;3,87;15;26;77,83;16,64;48;94
2013-07-07;20,67;5,16;14;29;72,96;19,37;42;94
2013-07-08;20,83;3,85;14;26;72,38;11,56;57;88
2013-07-09;20,04;0,69;19;22;86,83;8,34;69;94
2013-07-10;19,83;2,48;16;24;75,54;12,01;57;94
2013-07-11;19,48;3,2;15;24;74,92;16,49;50;94
2013-07-12;19,88;3,59;15;25;74,38;15,63;47;94
2013-07-13;21,71;4,4;15;29;74,12;17,76;40;94
2013-07-14;24,67;3,47;20;31;68,92;17,64;40;94
2013-07-15;22,9;3,39;20;30;76,34;19,47;35;94
2013-07-16;21,19;1,17;20;23;80,62;10,03;65;94
2013-07-17;21,73;2,36;19;28;77,31;12,01;55;94
2013-07-18;23;4,48;19;32;76,88;22,27;31;100
2013-07-19;24,24;4,26;18;31;70,8;17,63;40;94
2013-07-20;23,92;2,69;20;29;80,71;11,34;58;94
2013-07-21;26,44;2,33;23;32;61,44;14,1;34;83
2013-07-22;23,79;2,4;20;27;80,42;10,83;58;94
2013-07-23;20,33;0,96;19;22;80,29;4,66;73;88
2013-07-24;15,53;1,04;14;18;82,97;7,38;68;94
2013-07-25;15,33;1,17;14;17;91,38;4,05;83;94
2013-07-26;18,42;2,43;15;22;71,88;13,49;49;94
2013-07-27;19,25;1,85;17;22;77,29;12,36;57;88
2013-07-28;19,04;3,34;15;25;74,46;15,46;47;94
2013-07-29;19,83;1,99;17;23;72,58;12,27;50;88
2013-07-30;19,25;2,74;15;24;74,54;13,62;50;94
2013-07-31;18,96;3,52;15;25;79,16;15,22;44;94
2013-08-01;19,48;4,44;13;28;80,74;17,35;48;100
2013-08-02;21,71;5,15;15;30;72,25;19,54;40;94
2013-08-03;23,08;5,21;16;33;66,75;22,6;21;94
2013-08-04;24,17;5,61;17;33;64,25;24,2;24;94
2013-08-05;21,83;0,87;20;24;78,17;6,67;69;88
2013-08-06;21,79;3,26;18;28;76,92;11,28;51;94
2013-08-07;21,75;2,33;18;26;78,21;10,98;54;88
2013-08-08;23,28;3,98;19;30;72,4;22,57;35;94
2013-08-09;24,29;4,57;18;31;64,04;19,31;36;88
2013-08-10;23,75;3,87;19;32;68,79;17,24;31;88
2013-08-11;20,46;1,18;18;22;74,38;13,33;56;94
2013-08-12;20,17;2,6;18;26;75,21;9,32;54;88
2013-08-13;22,72;4,27;17;30;75,96;15,48;46;94
2013-08-14;22,21;1,61;19;25;74,62;7,77;61;88
2013-08-15;18,2;1,55;16;21;69;13,23;43;83
2013-08-16;19;2,62;16;23;69,62;11,28;47;83
2013-08-17;20,17;1,61;18;23;75,54;8,83;57;88
2013-08-18;20,24;1,23;18;23;74,08;7,95;61;88
2013-08-19;20,08;2,62;16;24;74,58;11,47;54;94
2013-08-20;20,83;2,88;17;26;73,25;14,38;48;94
2013-08-21;21,96;3,69;17;28;73,42;16,09;48;94
2013-08-22;23,83;4,92;18;31;65,83;20,59;36;94
2013-08-23;26,62;4,9;20;34;58,58;20,37;26;83
2013-08-24;22,92;1,79;21;26;73,83;8,71;58;88
2013-08-25;23,72;2,89;20;30;74,72;14,1;43;94
2013-08-26;22,21;1,64;20;25;76,67;8,62;61;88
2013-08-27;20,04;1;19;22;80,29;6,25;73;88
2013-08-28;19,42;1,84;17;23;61,75;13,79;41;83
2013-08-29;18,71;3,25;14;24;70,04;12,31;50;88
2013-08-30;20,92;3,4;15;26;69,29;15,45;37;94
2013-08-31;21,33;4,09;14;29;66,12;17,43;35;94
2013-09-01;23,38;4,88;17;31;62,12;21,88;31;88
2013-09-02;24,5;4,69;19;33;66,12;20,52;24;88
2013-09-03;25;4,27;20;32;62,75;20,11;31;88
2013-09-04;20,07;0,69;19;22;88,7;3,09;83;94
2013-09-05;20,41;1,67;18;23;83,26;11,68;61;94
2013-09-06;21,54;1,91;18;25;68,04;10,21;53;88
2013-09-07;21,12;2,72;16;25;69,62;11,93;50;88
2013-09-08;22,42;4,07;17;29;68,54;18,7;35;88
2013-09-09;23,21;3,75;18;30;69,96;18,29;35;94
2013-09-10;23,29;2,48;19;27;77,08;9,56;62;94
2013-09-11;24,12;2,85;20;29;65,71;14,22;40;83
2013-09-12;24,04;3,92;18;31;62,79;18,63;31;88
2013-09-13;24;4,35;18;30;63,21;18,03;35;88
2013-09-14;25,67;4,46;19;33;60,08;20,74;28;88
2013-09-15;26,25;4,68;20;34;62,25;19,55;28;88
2013-09-16;27,67;5,38;21;36;57,29;22,45;25;88
2013-09-17;25,88;2,35;23;30;68,48;11,52;46;83
2013-09-18;23,46;0,83;22;25;81,04;8,57;69;94
2013-09-19;22,83;2,08;19;27;80,04;8,76;62;94
2013-09-20;25,72;2,73;23;30;75,48;15,43;52;94
2013-09-21;27,67;5,61;20;37;61,04;24,98;25;94
2013-09-22;26,42;2,1;24;31;68;10,04;52;83
2013-09-23;24,42;2,02;22;29;79,21;9,12;58;89
2013-09-24;22,77;1,07;21;25;84,08;5,01;74;94
2013-09-25;20,72;1,43;19;23;66,64;15,02;44;88
2013-09-26;19,92;2,39;17;24;63,29;16,43;41;88
2013-09-27;20,04;2,46;15;24;60,08;12,41;44;88
2013-09-28;21,33;2,65;17;25;61,58;11,76;41;78
2013-09-29;20,74;1,51;18;23;77,41;9,99;64;94
2013-09-30;23,12;2,44;19;28;76,75;10,6;55;94
2013-10-01;25,83;3,29;22;32;64,25;15,37;38;83
2013-10-02;22,77;0,82;22;24;84,46;6,04;69;94
2013-10-03;23,58;1,41;21;26;78,67;5,59;69;88
2013-10-04;23,4;0,58;22;24;83,6;3,85;78;94
2013-10-05;22,62;1,21;20;25;72,08;17,49;44;94
2013-10-06;21,25;2,17;18;25;60,71;11,12;39;77
2013-10-07;19,12;0,88;18;21;77,04;6,03;64;88
2013-10-08;19,92;2,38;17;23;71,33;15,94;53;94
2013-10-09;20,92;3,02;15;25;62,25;13,66;44;88
2013-10-10;21,5;2,98;17;26;60;11,08;45;77
2013-10-11;22,04;3,21;17;27;60,42;14,79;34;77
2013-10-12;23,08;3,46;18;29;60,79;16,26;31;83
2013-10-13;24,79;3,95;20;31;52,83;16,69;24;73
2013-10-14;26,25;4,67;20;34;54,75;18,63;28;83
2013-10-15;25;2,02;21;29;67,58;9,79;48;83
2013-10-16;22,48;0,87;21;24;85,72;7,28;69;94
2013-10-17;22,92;1,77;21;26;84,04;8,36;74;94
2013-10-18;22,83;1,43;20;25;79,38;6,35;69;88
2013-10-19;23,04;2,47;20;27;74,48;10,85;58;94
2013-10-20;24,29;2,48;21;28;74,42;9,78;58;88
2013-10-21;27,96;5;22;37;66,85;20,06;27;89
2013-10-22;27;1,78;24;30;63,6;8,35;46;74
2013-10-23;25,88;1,81;23;29;70,52;6,23;62;78
2013-10-24;27,88;4,61;22;35;61,67;21,74;30;88
2013-10-25;25,5;1,02;24;28;70,92;6,71;58;83
2013-10-26;24,54;1,64;23;28;76,54;8,24;62;89
2013-10-27;26,16;4,61;21;35;64,24;20,21;28;88
2013-10-28;23,58;1,18;22;26;57,29;10,5;41;73
2013-10-29;21,25;1,39;18;23;57,62;8,72;47;78
2013-10-30;21,58;1,64;19;25;61,79;6,36;47;73
2013-10-31;21,38;0,9;20;23;75,23;7,45;61;88
2013-11-01;22,29;1,97;20;25;62;9,81;47;73
2013-11-02;23,5;2,77;19;28;57,21;10,4;42;78
2013-11-03;24,33;4,23;18;31;54,62;16,58;29;78
2013-11-04;25,24;4,73;19;34;57,64;18,2;26;78
2013-11-05;22,96;1,57;20;26;72,08;6,19;58;83
2013-11-06;20;0,69;19;21;86,12;2,96;83;94
2013-11-07;19,8;0,58;19;21;89,88;4,75;83;100
2013-11-08;22,38;2,57;20;29;78,17;12,44;52;94
2013-11-09;23,71;1,99;22;27;74,5;10,82;54;88
2013-11-10;24,96;2,03;23;28;73,46;8,75;58;83
2013-11-11;28,21;4,61;23;36;63;16,85;33;83
2013-11-12;31,08;5,03;26;40;56,23;18,68;25;79
2013-11-13;25,33;1,74;22;28;60,71;16,49;32;83
2013-11-14;23,33;1,69;20;26;60,42;9,46;48;78
2013-11-15;23,88;3,1;19;28;61;9,94;45;78
2013-11-16;28,17;5,26;21;36;54,79;20,07;25;83
2013-11-17;23,44;2,47;20;27;74,89;13,43;51;89
2013-11-18;22,33;2,46;19;27;75,58;13,77;51;94
2013-11-19;25,92;3,28;22;31;69,52;13,23;46;88
2013-11-20;27,96;3,71;23;34;62,67;15,56;39;83
2013-11-21;28,67;4,97;22;36;55,58;18,07;27;78
2013-11-22;25,72;1,7;22;30;69,96;9,88;52;89
2013-11-23;21,7;0,78;20;23;88,41;3,86;78;94
2013-11-24;22,92;1,26;21;25;84,28;6,46;74;94
2013-11-25;23,12;0,61;22;24;87,67;3,36;83;94
2013-11-26;22,84;1,4;21;26;84,68;6,03;74;94
2013-11-27;25,29;3,22;22;31;71,96;14,05;46;88
2013-11-28;28,5;3,88;23;34;57,75;16,41;36;83
2013-11-29;28,08;1,77;25;31;64,12;10,3;49;83
2013-11-30;25,44;1,78;23;29;79,07;9,95;62;94
2013-12-01;24,42;0,78;23;26;87,21;4,15;78;94
2013-12-02;25,76;2,01;23;29;81,48;9,37;62;94
2013-12-03;28,67;2,66;25;33;61,21;12,04;44;84
2013-12-04;27,83;3,6;23;33;65,21;20,69;40;89
2013-12-05;29,19;4,63;25;38;64,04;18,55;23;84
2013-12-06;24,83;2,87;21;29;72;16,3;45;94
2013-12-07;25,33;1,81;23;28;74,88;8,9;62;89
2013-12-08;26,54;1,74;24;29;70,71;7,86;58;83
2013-12-09;28,04;3,61;23;34;67,17;14,23;44;89
2013-12-10;29,07;3,32;26;36;67,28;16,45;37;84
2013-12-11;23,9;0,9;23;26;89,97;3,25;83;94
2013-12-12;23,12;0,6;22;24;84,12;4,99;74;94
2013-12-13;23,29;1,52;22;26;78,25;11,35;58;88
2013-12-14;23,96;1,97;21;27;71,08;9,49;58;83
2013-12-15;24,62;1,79;22;28;73;7,38;62;89
2013-12-16;24,38;1,41;22;27;71,25;6,72;61;83
2013-12-17;23,16;1,28;22;25;77,12;9,58;61;88
2013-12-18;23,33;1,81;21;26;77,42;9,69;61;94
2013-12-19;24,04;2,12;22;28;77,74;10,92;55;88
2013-12-20;25,5;2,25;23;29;72,75;13,48;52;89
2013-12-21;24,96;1,08;24;27;74,29;5,03;62;78
2013-12-22;24,5;1,21;23;27;81,5;6,38;70;89
2013-12-23;24,54;1,02;23;27;82,5;7,86;62;89
2013-12-24;25,24;2,11;22;29;77,16;11,26;58;94
2013-12-25;25,79;2,36;22;30;77,42;10,97;62;94
2013-12-26;26,88;2,17;23;30;73,92;8,89;62;89
2013-12-27;27,32;3,65;22;33;69,36;17,59;44;94
2013-12-28;29,38;3,37;25;36;63,79;15,25;33;83
2013-12-29;28,92;2,43;26;33;72,12;11,17;49;89
2013-12-30;30,19;4,18;25;38;64,23;21,36;31;89
2013-12-31;28,81;4,76;24;38;70,62;21,05;31;94
2014-01-01;29,32;3,9;25;37;67,96;17,45;31;89
2014-01-02;28,96;3,09;24;33;65,64;13,2;49;89
2014-01-03;31,33;3,89;26;38;64,17;16,49;40;89
2014-01-04;30,83;1,88;29;34;64,17;10,09;46;79
2014-01-05;28,46;2,25;26;33;67,88;10,98;49;84
2014-01-06;28,5;2,78;25;33;64,67;14,51;44;83
2014-01-07;27,5;3,01;23;33;60,92;13,51;36;83
2014-01-08;28,67;4,66;23;36;55,79;19,58;25;83
2014-01-09;28,58;2,92;25;33;61,83;11,67;41;78
2014-01-10;28,75;3,58;24;34;62,58;15,38;39;83
2014-01-11;30,12;4,53;24;37;58,08;16,52;31;83
2014-01-12;29,54;2,08;26;33;63,04;9,07;49;79
2014-01-13;29,42;3,35;25;34;61,88;14,52;41;83
2014-01-14;28,79;4,05;23;34;66,79;18,33;41;94
2014-01-15;29,17;2,84;25;34;64,25;11,95;47;83
2014-01-16;27,79;3,64;21;33;66,89;13,82;46;89
2014-01-17;24,83;2,7;22;30;77,21;12,71;52;94
2014-01-18;26,12;2,58;23;30;69,96;13,33;46;89
2014-01-19;26,46;2,25;23;30;70,71;10,42;55;89
2014-01-20;27,04;3,3;23;32;66,58;18,1;41;89
2014-01-21;28,58;3,79;24;35;64,62;16,83;36;89
2014-01-22;29,88;3,81;25;36;61,83;16,97;37;89
2014-01-23;30,08;3,3;26;36;61,54;15,76;35;84
2014-01-24;30,46;3,91;25;37;57,79;16,12;35;84
2014-01-25;29,58;3,67;25;38;55,38;11,72;27;74
2014-01-26;29,29;2,91;25;34;62,83;13,86;44;89
2014-01-27;29,67;2,57;26;34;60,58;10,96;43;79
2014-01-28;29,79;3,75;25;35;55,67;17,08;30;78
2014-01-29;29,54;3,86;24;37;52,75;16,38;26;78
2014-01-30;29,38;3,88;24;36;56,96;18,45;29;83
2014-01-31;30;4,31;24;37;52,5;17,87;24;78
2014-02-01;29,71;3,69;25;36;55,71;16,7;28;83
2014-02-02;30,12;3,49;25;36;56,38;15,71;31;83
2014-02-03;29,96;3,56;25;36;58,71;15,6;35;83
2014-02-04;30,5;4,01;25;37;53,17;17,31;27;78
2014-02-05;30,46;3,73;26;36;51,75;17,3;29;74
2014-02-06;30,29;3,99;24;37;47,29;14,47;24;69
2014-02-07;30,12;3,9;25;36;53,21;15,01;29;74
2014-02-08;31,08;4,3;25;38;46,79;14,55;25;69
2014-02-09;30,62;4,02;25;37;47,12;13,67;25;69
2014-02-10;30,33;4,02;25;37;49,29;16,03;27;74
2014-02-11;29,42;3,39;24;34;50,88;14,16;28;74
2014-02-12;29,55;4,15;24;36;48,1;14,64;24;65
2014-02-13;30,42;4,99;24;39;48,54;19,65;19;74
2014-02-14;29,29;3,06;25;37;53,83;10,83;27;74
2014-02-15;27,62;2,32;25;31;60,12;10,06;43;78
2014-02-16;25,36;1,96;22;30;78;8,57;58;89
2014-02-17;24,52;2,26;22;28;78,8;12,59;58;94
2014-02-18;25,19;2,22;23;30;73,15;13,65;49;89
2014-02-19;24,6;2,12;22;29;71,64;12,06;51;94
2014-02-20;25,83;2,75;22;30;64,88;15,09;43;83
2014-02-21;27,67;4,06;22;34;58,33;15,69;34;83
2014-02-22;29,12;3,62;24;35;54,46;18,54;27;83
2014-02-23;29,38;3,74;24;35;56,12;15,1;32;78
2014-02-24;29,38;2,9;25;35;54,33;11,29;32;70
2014-02-25;28,71;3,65;24;35;61,08;18,94;32;89
2014-02-26;29,58;3,46;25;35;54,17;15,04;30;74
2014-02-27;30,88;5,48;24;40;51,75;21,61;22;83
2014-02-28;29,52;2,22;25;33;56,04;11,66;38;79
2014-03-01;27,25;2,52;24;32;62,58;12,49;41;83
2014-03-02;26,62;1,53;25;30;68,38;9,19;51;83
2014-03-03;25,58;2,17;23;31;74,04;11,51;49;89
2014-03-04;26,38;3,17;23;32;69,88;17,59;36;89
2014-03-05;28,17;3,34;24;34;59,12;15,18;34;78
2014-03-06;26,15;1,01;24;28;75,96;7,07;58;89
2014-03-07;26,48;2,86;23;32;72,08;15,09;43;89
2014-03-08;23,37;1,01;22;26;88,15;5,56;74;94
2014-03-09;25,46;2,9;22;31;77,17;16;52;94
2014-03-10;28,21;3,76;23;35;65,58;17,77;32;89
2014-03-11;29,42;4,07;24;36;59,38;18,61;29;83
2014-03-12;28,54;2,93;25;36;66,04;13,5;39;84
2014-03-13;27,79;2,87;25;33;70,21;14,76;43;89
2014-03-14;28,17;2,97;24;32;62,29;14,44;38;83
2014-03-15;28,83;3,89;24;35;57,96;15,75;34;78
2014-03-16;29,33;4,37;23;37;55,33;18,21;25;83
2014-03-17;29,12;3,8;23;36;52,42;14,71;29;78
2014-03-18;28,62;4,35;23;37;54,83;17,93;24;78
2014-03-19;28;2,96;23;33;59,62;13,72;38;83
2014-03-20;29,54;4,66;24;37;54,12;18,82;27;78
2014-03-21;30,19;3,54;26;38;57,5;15,57;29;79
2014-03-22;27,67;2,68;24;32;69,17;13,57;46;89
2014-03-23;23,72;1,1;22;27;85,21;6,39;74;94
2014-03-24;23,5;1,11;22;26;72,82;10,46;57;88
2014-03-25;23,96;1,9;21;27;70,8;10,54;54;88
2014-03-26;23,77;1,88;22;28;81,27;7,88;66;89
2014-03-27;24,79;2,4;22;29;78,21;11,82;55;94
2014-03-28;25,04;2,42;22;29;73,75;10,53;55;88
2014-03-29;25,46;2,62;22;29;72,75;11,08;55;89
2014-03-30;26,58;3,05;22;32;69,54;12,9;43;88
2014-03-31;26,79;2,62;23;31;72,42;11,25;55;89
2014-04-01;26,88;2,68;23;32;69,71;12,42;46;89
2014-04-02;26,35;1,92;24;31;76,65;9,51;52;89
2014-04-03;25,47;1,31;23;29;83,03;6,67;66;94
2014-04-04;24,43;1,53;22;28;82,86;8,68;66;94
2014-04-05;25,04;2,2;22;28;70,75;12,75;51;89
2014-04-06;24,38;3,25;19;30;68,58;16,1;33;94
2014-04-07;24,15;2,94;20;30;74;13,43;46;89
2014-04-08;24,83;2,63;21;30;70,38;13,01;46;88
2014-04-09;26,64;3,19;22;31;67,32;12,56;41;89
2014-04-10;26,92;2,64;23;31;68,08;14,8;45;89
2014-04-11;26,25;2,27;23;30;72,5;10,09;55;89
2014-04-12;28,12;4,15;23;34;60,04;18,74;32;83
2014-04-13;26,92;2,26;24;32;66,88;10,8;46;89
2014-04-14;23,7;1,3;22;26;84,33;4,1;74;89
2014-04-15;21,69;0,84;21;23;85,35;3,33;78;94
2014-04-16;22,38;1,5;21;25;82,65;7,37;69;94
2014-04-17;23,88;2,11;22;28;78,6;10,65;58;89
2014-04-18;24,83;2,66;22;30;75,62;13,28;49;94
2014-04-19;26,46;2,6;23;31;75,04;11,55;55;89
2014-04-20;25,83;1,81;23;29;75,42;10,27;61;89
2014-04-21;25,71;1,73;23;29;70,62;8,31;58;83
2014-04-22;25,42;2,28;22;30;73,46;10,75;52;89
2014-04-23;25,54;1,86;23;30;75,42;9,05;59;89
2014-04-24;23,86;1,69;21;27;80,71;9,7;62;94
2014-04-25;23,21;1,79;21;27;69,46;16,86;47;94
2014-04-26;22,46;2,34;18;26;63,79;13,19;45;88
2014-04-27;21,71;2,27;19;25;71,46;15,08;47;94
2014-04-28;20,84;2,36;17;25;67,12;17,18;44;94
2014-04-29;20,46;3,9;15;26;62,08;19,42;30;88
2014-04-30;20,88;4,24;15;28;64,92;19,43;30;100
2014-05-01;22,96;4,3;18;30;61,17;18,55;31;83
2014-05-02;23,04;4,27;17;31;65,29;16,89;33;88
2014-05-03;23,54;2,47;20;28;71,29;9,83;51;88
2014-05-04;21,71;1,11;20;23;83;4,08;78;88
2014-05-05;24,75;3,7;20;32;69,17;17,09;38;88
2014-05-06;24,54;3,51;20;31;70;14,52;46;88
2014-05-07;24,54;3,18;20;30;72,96;14,38;40;94
2014-05-08;24,5;3,17;21;32;77,62;15,01;43;94
2014-05-09;23,88;2,23;21;28;75,33;12,63;55;89
2014-05-10;21,79;1,82;19;25;74,25;13,2;54;88
2014-05-11;20,76;2,15;18;25;71,36;16,97;44;88
2014-05-12;20,21;3,83;14;26;63,17;19,86;30;88
2014-05-13;20,62;4,13;15;27;66,21;17,1;32;88
2014-05-14;21,67;3,99;16;29;69,96;16,58;31;88
2014-05-15;21,83;2,84;18;26;71,42;13,72;50;88
2014-05-16;22,11;3,51;18;29;76,48;14,83;48;94
2014-05-17;23,24;2,26;20;28;72,68;10,21;51;88
2014-05-18;22,36;2,1;19;26;80,4;10,18;61;94
2014-05-19;23,42;2,26;20;27;74,08;12,01;54;88
2014-05-20;22,88;2,36;20;27;74,12;12,89;48;88
2014-05-21;22,82;2,51;19;28;77,04;10,53;51;88
2014-05-22;25,62;4,84;20;33;59,58;21,44;28;88
2014-05-23;25,88;1,96;22;29;61,33;10,56;48;78
2014-05-24;21,3;0,91;20;23;86,19;2,5;83;89
2014-05-25;20,96;1,04;20;23;83,77;5,23;73;88
2014-05-26;23,08;2,8;19;29;78,88;10,15;55;94
2014-05-27;23;1,38;21;25;67,04;11,54;47;83
2014-05-28;19,65;1,13;18;22;87,19;6,88;73;94
2014-05-29;20,42;2,24;18;25;76,08;13,83;50;94
2014-05-30;20,79;2,4;17;25;71,67;13,4;47;94
2014-05-31;20,28;3,42;16;26;75,36;13,02;48;94
2014-06-01;21,88;4,28;17;30;72,16;18,48;35;88
2014-06-02;22,77;2,93;19;29;74,23;15,65;43;94
2014-06-03;21;1,14;20;23;65,17;12,65;50;88
2014-06-04;20,75;2,09;18;24;70;10,5;54;88
2014-06-05;20,87;3,56;17;29;79,1;15,2;45;94
2014-06-06;23,25;3,53;19;29;71,71;14,82;48;88
2014-06-07;24,79;3,6;21;32;71,67;16,75;43;88
2014-06-08;25,33;4,65;19;32;61,92;22,89;29;88
2014-06-09;24,08;3,44;18;30;64,04;11,43;40;83
2014-06-10;22,48;0,89;21;24;80,93;8,43;57;94
2014-06-11;22,92;2,1;21;27;79,79;13,77;51;94
2014-06-12;22,96;2,22;19;27;76,46;9,67;58;94
2014-06-13;23,17;2,32;20;27;74,88;10,28;58;88
2014-06-14;22,67;3,32;18;28;70,62;12,93;45;88
2014-06-15;22,92;2,8;19;27;74,42;13,35;51;94
