"","nome","pre","pos","veryhigh","inicio","inicio.ic","duracao","duracao.ic","quant_pre","quant_pos","quant_epidemico","mininc_pre","mininc_pos","mininc_epi","ano_inicio","ano_fim","populacao","cid10","uf","regional_id"
"1","Baixo Acre e Purus",12.7475357342903,9.05037767934977,52.8272637845634,1,"[48-8]",11,"[8-15.3423423423423]",3.93409198591253,3.93409198591253,201.408404930957,0.855237388241854,0.855237388241854,1.71047477648371,2010,2022,584633,"A90","AC",12002
"2","Alto Acre",11.2302445317616,8.68284930063641,77.6958428606415,1,"[46-7]",12,"[8.63063063063063-14.6846846846847]",6.89388925656298,6.89388925656298,130.018751378778,6.89388925656298,6.89388925656298,13.787778513126,2010,2022,72528,"A90","AC",12001
"3","Juruá e Tarauacá/Envira",13.3656303523572,26.7542359691538,177.395108854939,52,"[43-9]",8,"[6.31531531531532-10.3423423423423]",2.10695759537144,2.10695759537144,320.320763224319,2.10695759537144,2.10695759537144,4.21391519074287,2010,2022,237309,"A90","AC",12003
"4","Alto Solimões",3.53781839945336,3.77105338441372,27.8217727380442,2,"[51-17]",8,"[5-10.6846846846847]",1.96575652139726,1.96575652139726,52.6822747734466,1.96575652139726,1.96575652139726,3.93151304279452,2010,2022,254355,"A90","AM",13009
"5","Manaus, Entorno e Alto Rio Negro",2.30304863975724,3.06283374031513,12.6335225570526,9,"[3-14]",8,"[2.65765765765766-13.6846846846847]",1.25941940765307,1.25941940765307,22.5798634102406,0.190821122371678,0.190821122371678,0.381642244743355,2010,2022,2620255,"A90","AM",13001
"6","Baixo Amazonas",0.724087819737098,0.972961190364533,3.61135877944487,4,"[2-14]",10,"[6.31531531531532-12.6846846846847]",1.96885274950286,1.96885274950286,7.87541099801146,1.96885274950286,1.96885274950286,3.93770549900573,2010,2022,253955,"A90","AM",13005
"7","Triângulo",7.03226947743253,6.14525479029231,24.3091833150664,12,"[3-20]",9,"[6.65765765765766-12.3423423423423]",3.99760143913652,3.99760143913652,52.8882670397761,3.99760143913652,3.99760143913652,7.99520287827304,2010,2022,125075,"A90","AM",13008
"8","Rio Negro e Solimões",1.91585685465829,1.711332979686,10.5349376388957,5,"[1-13]",8,"[6-12]",1.65389309896566,1.65389309896566,25.2384086902159,1.65389309896566,1.65389309896566,3.30778619793131,2010,2022,302317,"A90","AM",13002
"9","Rio Madeira",3.54482340147684,4.5645463334909,23.5054883782736,2,"[50-5]",11,"[8-14.3693693693694]",2.46451104100946,2.46451104100946,41.0587539432176,2.46451104100946,2.46451104100946,4.92902208201893,2010,2022,202880,"A90","AM",13003
"10","Regional Purus",2.35743754788857,2.4102574261274,15.6173683706038,2,"[52-11]",10,"[7.97297297297298-10.3423423423423]",3.73521787525866,3.73521787525866,47.8107888033109,3.73521787525866,3.73521787525866,7.47043575051733,2010,2022,133861,"A90","AM",13006
"11","Regional Juruá",2.03564269821668,4.09596474514203,24.9314620596379,6,"[50-13]",9,"[7.65765765765766-14.3423423423423]",3.57684493661831,3.57684493661831,56.1206970555412,3.57684493661831,3.57684493661831,7.15368987323662,2010,2022,139788,"A90","AM",13007
"12","Médio Amazonas",0.838202351191939,0.893203507908749,7.72746472694398,5,"[3-9]",12,"[4.65765765765766-14]",2.85342525167211,2.85342525167211,14.2671262583605,2.85342525167211,2.85342525167211,5.70685050334421,2010,2022,175228,"A90","AM",13004
"13","Área Central",2.8691867574838,3.61560375733896,9.85631870472727,9,"[5-30]",8,"[5.65765765765766-9]",0.865659961841709,0.865659961841709,15.3394945238351,0.865659961841709,0.865659961841709,1.73131992368342,2010,2022,577594,"A90","AP",16001
"14","Área Norte",2.21271491168554,1.84928908838863,18.1920860761454,6,"[51-21]",8,"[4-12]",7.00142829137144,7.00142829137144,57.4117119892458,7.00142829137144,7.00142829137144,14.0028565827429,2010,2022,71414,"A90","AP",16002
"15","Área Sudoeste",1.06397219859723,1.57903042601012,8.0636163134373,10,"[2-18]",8,"[4.65765765765766-12.3423423423423]",2.35001057504759,2.35001057504759,15.9800719103236,2.35001057504759,2.35001057504759,4.70002115009517,2010,2022,212765,"A90","AP",16003
"16","Centro Norte",3.71234985395346,4.66341339119196,14.9798442727792,24,"[18-30]",9,"[4-15.0540540540541]",1.85535985632093,1.85535985632093,25.9008235942402,0.927679928160466,0.927679928160466,1.85535985632093,2010,2022,538979,"A90","RR",14001
"17","Sul",8.12117520252844,14.9120932319427,32.3940037117481,18,"[7-26]",6,"[4-11.3423423423423]",5.42287585952582,5.42287585952582,50.0531441834233,5.42287585952582,5.42287585952582,10.8457517190516,2010,2022,92202,"A90","RR",14002
"18","Zona da Mata",5.52527278404925,3.99874584401452,31.2451357314403,3,"[51-8]",12,"[10-13.6846846846847]",3.68707091712202,3.68707091712202,56.0434779402547,3.68707091712202,3.68707091712202,7.37414183424404,2010,2022,135609,"A90","RO",11005
"19","Vale do Jamari",3.8642852131808,6.33089717645191,17.4750206513747,50,"[47-5]",9,"[4.65765765765766-13.6846846846847]",1.79133138914167,1.79133138914167,39.4630305027909,1.79133138914167,1.79133138914167,3.58266277828333,2010,2022,279122,"A90","RO",11001
"20","Cone Sul",5.34366603978191,4.79036511916344,33.7606137567739,5,"[2-11]",12,"[6.97297297297297-13.3423423423423]",3.12525392688156,3.12525392688156,66.9741916530718,3.12525392688156,3.12525392688156,6.25050785376312,2010,2022,159987,"A90","RO",11006
"21","Café",4.54713447984322,4.76506570214452,31.17763632295,3,"[52-13]",12,"[8.65765765765766-16]",2.89234685023428,2.89234685023428,76.357956846185,2.89234685023428,2.89234685023428,5.78469370046856,2010,2022,172870,"A90","RO",11002
"22","Vale do Guaporé",2.11928382901817,2.58337920518044,32.1953096534846,4,"[49-5]",12,"[8.31531531531532-15.3423423423423]",9.74089226573154,9.74089226573154,76.2711864406779,9.74089226573154,9.74089226573154,19.4817845314631,2010,2022,51330,"A90","RO",11007
"23","Madeira-Mamoré",2.23364774898821,2.79131223037216,11.7496605168692,4,"[52-11]",10,"[7-12]",0.762973215062312,0.762973215062312,19.8373035916201,0.762973215062312,0.762973215062312,1.52594643012462,2010,2022,655331,"A90","RO",11004
"24","Central",2.96155173278885,2.9354234027936,20.5428502852641,7,"[1-11]",11,"[5.65765765765766-15]",1.46108687330331,1.46108687330331,39.7853955600492,1.46108687330331,1.46108687330331,2.92217374660663,2010,2022,342211,"A90","RO",11003
"25","Tocantins",1.04389212463892,0.922776668073942,3.20161561342516,6,"[3-21]",9,"[4.97297297297297-13]",0.700466510696124,0.700466510696124,6.44429189840434,0.700466510696124,0.700466510696124,1.40093302139225,2010,2022,713810,"A90","PA",15011
"26","Carajás",2.64652443923863,2.73544063203278,11.900646051888,5,"[3-9]",14,"[7.31531531531532-15.3423423423423]",0.676033486192016,0.676033486192016,23.790745101574,0.563361238493347,0.563361238493347,1.12672247698669,2010,2022,887530,"A90","PA",15003
"27","Araguaia",2.0271042695851,1.91660255563636,11.4134164649822,4,"[1-8]",14,"[11.6576576576577-17.6846846846847]",0.869110257065432,0.869110257065432,17.7559225518468,0.869110257065432,0.869110257065432,1.73822051413086,2010,2022,575301,"A90","PA",15001
"28","Baixo Amazonas",1.33274191410045,1.70336986722999,5.77288621391862,4,"[2-9]",13,"[8.94594594594595-15.6846846846847]",0.643340015491628,0.643340015491628,14.9640887603353,0.643340015491628,0.643340015491628,1.28668003098326,2010,2022,777194,"A90","PA",15002
"29","Xingu",3.22873812143579,3.39050737529745,20.1461719509906,4,"[3-10]",10,"[5-13.027027027027]",1.41265684022569,1.41265684022569,32.6182464408111,1.41265684022569,1.41265684022569,2.82531368045137,2010,2022,353943,"A90","PA",15012
"30","Marajó II",0.375349371158971,0.540592670616247,3.12132901844808,8,"[4-11]",5,"[3.65765765765766-11.3423423423423]",1.54276228501608,1.54276228501608,5.24539176905466,1.54276228501608,1.54276228501608,3.08552457003215,2010,2022,324094,"A90","PA",15014
"31","Metropolitana I",1.59973386446281,1.68629109884341,4.43252265347579,8,"[2-15]",8,"[3.65765765765766-11]",0.576729411869091,0.576729411869091,9.28534353109237,0.221819004565035,0.221819004565035,0.44363800913007,2010,2022,2254090,"A90","PA",15006
"32","Rio Caetés",0.649723512037923,0.955169194733876,2.97211806926491,8,"[5-11]",12,"[6.31531531531532-12.3423423423423]",0.916032771988451,0.916032771988451,7.87788183910068,0.916032771988451,0.916032771988451,1.8320655439769,2010,2022,545832,"A90","PA",15009
"33","Metropolitana III",0.95363780195501,1.08916363786947,3.56575046768977,8,"[3-10]",10,"[7-14]",0.526598489715531,0.526598489715531,6.75625862305027,0.526598489715531,0.526598489715531,1.05319697943106,2010,2022,949490,"A90","PA",15008
"34","Tapajós",1.96912410760215,2.4995902860054,16.5981231540935,4,"[1-9]",11,"[4.65765765765766-13.6846846846847]",2.25404939974664,2.25404939974664,37.1016531198298,2.25404939974664,2.25404939974664,4.50809879949329,2010,2022,221823,"A90","PA",15010
"35","Lago de Tucuruí",1.01124366746816,1.02429167092305,5.16365676183233,5,"[4-9]",11,"[9.65765765765766-16.3423423423423]",1.06477675890473,1.06477675890473,14.7897491811867,1.06477675890473,1.06477675890473,2.12955351780946,2010,2022,469582,"A90","PA",15004
"36","Metropolitana II",0.525333420000424,0.730579538157853,2.99842249207951,8,"[3-18]",9,"[7.31531531531532-10.3423423423423]",1.34736751335241,1.34736751335241,5.16041757613973,1.34736751335241,1.34736751335241,2.69473502670482,2010,2022,371094,"A90","PA",15007
"37","Marajó I",0.33765819913606,0.502512541084249,2.92231804288681,10,"[2-15]",6,"[5-12.3423423423423]",2.02460297535653,2.02460297535653,6.4787295211409,2.02460297535653,2.02460297535653,4.04920595071307,2010,2022,246962,"A90","PA",15013
"38","Ilha do Bananal",4.58266550208258,4.62217902937492,32.466440523744,4,"[52-10]",14,"[9.91891891891892-15.3423423423423]",2.6992010364932,2.6992010364932,60.5430792485424,2.6992010364932,2.6992010364932,5.3984020729864,2010,2022,185240,"A90","TO",17005
"39","Sudeste",5.38370667943335,5.09097832947313,37.4723662156628,12,"[7-14]",13,"[9.97297297297298-16.3423423423423]",5.04749694626435,5.04749694626435,69.8068827668359,5.04749694626435,5.04749694626435,10.0949938925287,2010,2022,99059,"A90","TO",17003
"40","Bico do Papagaio",2.72127504905986,2.43805078530426,18.3025727722133,4,"[3-8]",14,"[10.3153153153153-17]",2.3653411294977,2.3653411294977,33.5878440388673,2.3653411294977,2.3653411294977,4.73068225899539,2010,2022,211386,"A90","TO",17002
"41","Cerrado Tocantins Araguaia",5.40351996161171,5.24930176746679,33.8957032544919,6,"[1-13]",8,"[5.65765765765766-12.3693693693694]",3.0644953695475,3.0644953695475,60.0641092431309,3.0644953695475,3.0644953695475,6.12899073909499,2010,2022,163159,"A90","TO",17004
"42","Cantão",6.81155990649905,6.59464130009645,33.9380810290103,6,"[51-15]",11,"[6.65765765765766-16]",3.80118292812723,3.80118292812723,106.433121987563,3.80118292812723,3.80118292812723,7.60236585625447,2010,2022,131538,"A90","TO",17007
"43","Capim Dourado",20.3785159388546,23.0118065247685,87.7520945345626,4,"[48-11]",12,"[8-16.3423423423423]",6.80056810899741,6.80056810899741,167.581691824409,1.30780155942258,1.30780155942258,2.61560311884516,2010,2022,382321,"A90","TO",17006
"44","Médio Norte Araguaia",8.42447359693718,8.93288641533312,38.8555673543777,7,"[4-12]",13,"[7.97297297297298-15]",2.84766000903396,2.84766000903396,59.3426160503283,1.63658621208848,1.63658621208848,3.27317242417696,2010,2022,305514,"A90","TO",17001
"45","Amor Perfeito",6.0912090253669,7.57920226950261,46.9572387973998,4,"[1-12]",12,"[9.31531531531532-15.3693693693694]",4.46305040569128,4.46305040569128,101.891440761932,4.46305040569128,4.46305040569128,8.92610081138256,2010,2022,112031,"A90","TO",17008
"46","7ª Região de Saúde",7.26572240842144,11.7812806925257,42.9514552323475,18,"[4-20]",11,"[6.65765765765766-15]",1.31893558130202,1.31893558130202,75.1322232920255,0.942096843787154,0.942096843787154,1.88419368757431,2010,2022,530731,"A90","AL",27007
"47","10ª Região de Saúde",0.941730960301405,3.25640073942591,20.3691061443587,20,"[13-29]",10,"[4.97297297297297-12]",3.10069827725204,3.10069827725204,59.9054907165093,3.10069827725204,3.10069827725204,6.20139655450407,2010,2022,161254,"A90","AL",27010
"48","8ª Região de Saúde",1.6833633235477,4.54824865873951,18.7735473692213,16,"[10-18]",9,"[5.65765765765766-12]",3.18408467117958,3.18408467117958,61.8030834675955,3.18408467117958,3.18408467117958,6.36816934235915,2010,2022,157031,"A90","AL",27008
"49","5ª Região de Saúde",1.63202175916545,1.90814726219789,17.7330861294803,18,"[3-24]",10,"[4.31531531531532-17.027027027027]",2.08368929692156,2.08368929692156,33.9432986468521,2.08368929692156,2.08368929692156,4.16737859384312,2010,2022,239959,"A90","AL",27005
"50","4ª Região de Saúde",1.11674237685452,1.51949711834358,11.0403415355837,15,"[12-20]",11,"[5.97297297297297-12.3423423423423]",3.47497324270603,3.47497324270603,18.7648555106126,3.47497324270603,3.47497324270603,6.94994648541206,2010,2022,143886,"A90","AL",27004
"51","1ª Região de Saúde",3.83166324429362,4.19485857075906,28.844699123393,18,"[10-20]",15,"[7-16.3423423423423]",1.01239640459098,1.01239640459098,56.8888902733626,0.389383232534994,0.389383232534994,0.778766465069988,2010,2022,1284082,"A90","AL",27001
"52","3ª Região de Saúde",3.5018183112401,4.49545965301747,25.1800173352383,14,"[12-19]",14,"[10.6576576576577-15.6846846846847]",2.22571412037552,2.22571412037552,61.6300239931982,2.22571412037552,2.22571412037552,4.45142824075104,2010,2022,224647,"A90","AL",27003
"53","9ª Região de Saúde",1.72563961338689,4.74043179126391,12.4228619760686,16,"[6-19]",8,"[5.31531531531532-10]",2.10974915082597,2.10974915082597,37.1948775290618,2.10974915082597,2.10974915082597,4.21949830165193,2010,2022,236995,"A90","AL",27009
"54","6ª Região de Saúde",2.13479689772134,4.66061066901466,24.2332715294454,22,"[18-25]",12,"[6.65765765765766-14.3423423423423]",2.41580905445234,2.41580905445234,34.5219113881238,2.41580905445234,2.41580905445234,4.83161810890467,2010,2022,206970,"A90","AL",27006
"55","2ª Região de Saúde",1.51774980637687,2.13390706521214,18.5051286193708,16,"[11-25]",11,"[7.65765765765766-14.3423423423423]",3.01226594693592,3.01226594693592,38.6473720991879,3.01226594693592,3.01226594693592,6.02453189387185,2010,2022,165988,"A90","AL",27002
"56","Santa Maria da Vitória",1.94759137806084,2.60381561640131,28.6300208573714,9,"[6-15]",12,"[10-15]",1.65456627199746,1.65456627199746,54.5179586623162,1.65456627199746,1.65456627199746,3.30913254399492,2010,2022,302194,"A90","BA",29021
"57","Feira de Santana",3.73802612446932,5.13984233905249,21.2730910765344,14,"[9-23]",12,"[4.97297297297297-14.3423423423423]",0.95130610003416,0.95130610003416,40.4867227937265,0.432411863651891,0.432411863651891,0.864823727303782,2010,2022,1156305,"A90","BA",29006
"58","Senhor do Bonfim",2.30777574270146,2.65247606011708,15.8625094441694,14,"[7-16]",11,"[4.31531531531532-12.3423423423423]",1.6755133772988,1.6755133772988,24.4624953085625,1.6755133772988,1.6755133772988,3.35102675459761,2010,2022,298416,"A90","BA",29024
"59","Paulo Afonso",1.3069253957421,2.47327237948511,21.0434599085211,14,"[9-26]",6,"[4-11]",1.96910862390813,1.96910862390813,35.5030284890636,1.96910862390813,1.96910862390813,3.93821724781626,2010,2022,253922,"A90","BA",29017
"60","Seabra",0.996828914347132,0.921897473241883,17.6379033855249,10,"[7-12]",11,"[8.97297297297298-14.7117117117117]",2.69853091976728,2.69853091976728,41.2605377632417,2.69853091976728,2.69853091976728,5.39706183953456,2010,2022,185286,"A90","BA",29023
"61","Teixeira de Freitas",3.7237606734458,4.56615106376742,23.5735560254152,15,"[5-19]",10,"[9.31531531531532-12.027027027027]",1.31711236285568,1.31711236285568,39.9853361490269,1.09759363571306,1.09759363571306,2.19518727142613,2010,2022,455542,"A90","BA",29026
"62","Vitória da Conquista",2.0385177159677,2.9802589741759,17.9159990553781,10,"[3-12]",12,"[9.65765765765766-13]",0.780876643354896,0.780876643354896,31.578651457272,0.780876643354896,0.780876643354896,1.56175328670979,2010,2022,640306,"A90","BA",29028
"63","Irecê",1.72029461098575,1.95858574446167,21.5134229981031,12,"[7-14]",12,"[9.31531531531532-13.6846846846847]",1.20542053506207,1.20542053506207,84.4156000703966,1.20542053506207,1.20542053506207,2.41084107012413,2010,2022,414793,"A90","BA",29010
"64","Juazeiro",1.86847991203226,2.16998004979548,14.2531322355453,13,"[9-18]",12,"[7-14.3423423423423]",0.933103914184299,0.933103914184299,24.4566535907705,0.933103914184299,0.933103914184299,1.8662078283686,2010,2022,535846,"A90","BA",29016
"65","Barreiras",2.15321330778289,4.13753624944829,36.2030274306584,10,"[7-17]",14,"[11.3153153153153-16]",1.07225957259733,1.07225957259733,75.2726219963329,1.07225957259733,1.07225957259733,2.14451914519467,2010,2022,466305,"A90","BA",29002
"66","Guanambi",2.39104288957027,2.34281865288253,23.8814181633984,10,"[4-14]",13,"[12-15]",1.09321637375756,1.09321637375756,43.7614514415151,1.09321637375756,1.09321637375756,2.18643274751512,2010,2022,457366,"A90","BA",29007
"67","Ribeira do Pombal",1.07035021939364,1.93762242449346,11.6400517958737,14,"[3-23]",8,"[6.97297297297297-10.3423423423423]",1.54133553641559,1.54133553641559,25.7248901027762,1.54133553641559,1.54133553641559,3.08267107283119,2010,2022,324394,"A90","BA",29019
"68","Serrinha",2.36490288492059,2.71520207111729,18.3673008268215,12,"[3-16]",10,"[7-15.027027027027]",0.787709215567655,0.787709215567655,40.5197620488001,0.787709215567655,0.787709215567655,1.57541843113531,2010,2022,634752,"A90","BA",29025
"69","Itabuna",5.73772913683233,5.19096228628758,41.8263907383546,12,"[6-16]",12,"[6.94594594594595-12]",1.58451610858689,1.58451610858689,94.5064826515292,0.990322567866806,0.990322567866806,1.98064513573361,2010,2022,504886,"A90","BA",29012
"70","Alagoinhas",1.20234582287121,1.44888029761877,6.75026934585537,15,"[7-19]",12,"[6.65765765765766-14.027027027027]",0.923277487355715,0.923277487355715,12.0580039848656,0.923277487355715,0.923277487355715,1.84655497471143,2010,2022,541549,"A90","BA",29001
"71","Jequié",3.5836977664223,3.70222638852473,29.1824895265396,10,"[3-15]",14,"[9-14.6846846846847]",1.02622834401637,1.02622834401637,50.2851888568022,1.02622834401637,1.02622834401637,2.05245668803274,2010,2022,487221,"A90","BA",29015
"72","Ilhéus",4.07598557691143,4.54932522103739,29.933301075845,8,"[4-17]",11,"[8.94594594594595-12.3423423423423]",1.69149213287009,1.69149213287009,65.6468096766881,1.69149213287009,1.69149213287009,3.38298426574018,2010,2022,295597,"A90","BA",29009
"73","Santo Antônio de Jesus",0.924345802785585,0.948532490829044,9.32101113128473,9,"[50-14]",12,"[5.31531531531532-16.6846846846847]",1.08359032483871,1.08359032483871,15.8854341621354,1.08359032483871,1.08359032483871,2.16718064967742,2010,2022,461429,"A90","BA",29022
"74","Itaberaba",2.39744378641865,2.69891789564777,28.8874404995708,14,"[5-20]",10,"[6.97297297297297-11.3423423423423]",1.98791348600509,1.98791348600509,49.4195292620865,1.98791348600509,1.98791348600509,3.97582697201018,2010,2022,251520,"A90","BA",29011
"75","Brumado",3.17900139527801,2.87638159874065,26.6325547578334,11,"[6-15]",10,"[8.31531531531532-14.3423423423423]",1.23089345632421,1.23089345632421,35.7697638407815,1.23089345632421,1.23089345632421,2.46178691264842,2010,2022,406209,"A90","BA",29003
"76","Cruz das Almas",1.03776726373407,1.78303105214989,9.27128229557188,14,"[9-28]",10,"[4.65765765765766-13.3423423423423]",1.87993247282558,1.87993247282558,16.5434057608651,1.87993247282558,1.87993247282558,3.75986494565115,2010,2022,265967,"A90","BA",29005
"77","Jacobina",2.84367484663351,3.1107180316098,29.9006537819786,11,"[4-15]",12,"[9.31531531531532-14.6846846846847]",1.27222254734576,1.27222254734576,53.853180429146,1.27222254734576,1.27222254734576,2.54444509469152,2010,2022,393013,"A90","BA",29014
"78","Camaçari",1.40857150796553,2.70506344019659,9.1198506628941,14,"[9-20]",10,"[5.31531531531532-13]",0.7865963973885,0.7865963973885,14.2531267206796,0.7865963973885,0.7865963973885,1.573192794777,2010,2022,635650,"A90","BA",29004
"79","Valença",0.808139904042344,1.21903755326366,8.20929225140882,12,"[7-15]",10,"[6-13.6846846846847]",1.59545104996634,1.59545104996634,12.8114719312297,1.59545104996634,1.59545104996634,3.19090209993267,2010,2022,313391,"A90","BA",29027
"80","Salvador",2.34369711124579,2.08902544828183,9.08280063860046,14,"[6-18]",6,"[2-13.0540540540541]",0.994097691149636,0.994097691149636,12.9408128853773,0.14619083693377,0.14619083693377,0.29238167386754,2010,2022,3420187,"A90","BA",29020
"81","Itapetinga",1.1767047339082,1.89783939155871,22.1769431533849,4,"[1-14]",10,"[6.97297297297297-12.6846846846847]",2.01944319912114,2.01944319912114,36.9356161119256,2.01944319912114,2.01944319912114,4.03888639824228,2010,2022,247593,"A90","BA",29013
"82","Ibotirama",1.41062003332607,2.64317430073032,27.4407823892721,13,"[6-15]",12,"[10.972972972973-14]",2.5497845432061,2.5497845432061,46.1256023865983,2.5497845432061,2.5497845432061,5.0995690864122,2010,2022,196095,"A90","BA",29008
"83","Porto Seguro",2.2079000675116,4.46917169759666,21.4248908848011,10,"[6-19]",10,"[7.65765765765766-13]",1.2990387113536,1.2990387113536,43.4268641205508,1.2990387113536,1.2990387113536,2.5980774227072,2010,2022,384900,"A90","BA",29018
"84","Russas",5.60840414842103,21.9352649860411,43.4671576080852,20,"[13-25]",12,"[8.97297297297298-14.3423423423423]",2.47496572172475,2.47496572172475,82.391608876217,2.47496572172475,2.47496572172475,4.94993144344951,2010,2022,202023,"A90","CE",23009
"85","Acaraú",1.55834634550616,2.5270837988994,14.9505669547566,15,"[9-22]",13,"[11.3153153153153-15.3423423423423]",2.14238275810356,2.14238275810356,27.8509758553463,2.14238275810356,2.14238275810356,4.28476551620713,2010,2022,233385,"A90","CE",23012
"86","Iguatú",2.15699335599166,3.27872264574686,19.3901014319838,20,"[15-23]",12,"[10.6576576576577-13]",1.54055669556751,1.54055669556751,29.7173386574973,1.54055669556751,1.54055669556751,3.08111339113502,2010,2022,324558,"A90","CE",23018
"87","Tauá",4.98053098112849,6.23437374816476,44.1445343617515,12,"[6-19]",10,"[7.65765765765766-14.7387387387387]",4.31577675350009,4.31577675350009,110.483884889602,4.31577675350009,4.31577675350009,8.63155350700019,2010,2022,115854,"A90","CE",23014
"88","Itapipoca",2.91003291670335,4.67173220615848,21.9047615269615,13,"[8-16]",13,"[12-16]",1.65056267681653,1.65056267681653,42.5845170618664,1.65056267681653,1.65056267681653,3.30112535363305,2010,2022,302927,"A90","CE",23006
"89","Icó",2.35332703049214,6.79553572106226,24.8855844977984,14,"[8-19]",14,"[10.972972972973-15.3423423423423]",2.88771968327491,2.88771968327491,60.1512010026163,2.88771968327491,2.88771968327491,5.77543936654981,2010,2022,173147,"A90","CE",23017
"90","Brejo Santo",3.93168967597474,7.40350508909749,44.2557632413301,13,"[7-15]",12,"[8-15.3423423423423]",2.30495473068909,2.30495473068909,70.2089210967896,2.30495473068909,2.30495473068909,4.60990946137818,2010,2022,216924,"A90","CE",23019
"91","Maracanaú",2.60452627171534,3.38751016896983,23.0810116118734,14,"[11-15]",13,"[9.97297297297298-16]",0.907701300917504,0.907701300917504,48.5529425860773,0.907701300917504,0.907701300917504,1.81540260183501,2010,2022,550842,"A90","CE",23003
"92","Sobral",4.25162463499568,5.65080520583021,36.1400643611857,16,"[14-20]",12,"[7-13.3423423423423]",0.763297015661328,0.763297015661328,69.0707469471936,0.763297015661328,0.763297015661328,1.52659403132266,2010,2022,655053,"A90","CE",23011
"93","Crato",2.76035118325595,3.69491590568937,25.8518202977629,12,"[9-15]",14,"[9.97297297297298-17]",1.42587042259948,1.42587042259948,44.6154855231376,1.42587042259948,1.42587042259948,2.85174084519895,2010,2022,350663,"A90","CE",23020
"94","Limoeiro do Norte",7.58297302073006,11.4756643778931,58.0400563090882,16,"[14-23]",14,"[10-16.3423423423423]",2.19073407117257,2.19073407117257,80.6847358412857,2.19073407117257,2.19073407117257,4.38146814234514,2010,2022,228234,"A90","CE",23010
"95","Caucaia",3.69189111784234,4.68036951853986,23.3581511693857,12,"[6-16]",12,"[10.3153153153153-15.6846846846847]",0.796019900497512,0.796019900497512,37.6039800995025,0.796019900497512,0.796019900497512,1.59203980099502,2010,2022,628125,"A90","CE",23002
"96","Fortaleza",6.59358767149858,10.4622650383857,43.0266063080149,15,"[9-17]",12,"[9.31531531531532-14]",2.64665973710313,2.64665973710313,91.031809213942,0.174812400072862,0.174812400072862,0.349624800145724,2010,2022,2860209,"A90","CE",23001
"97","Aracati",5.38879172126773,7.5112150038056,48.2390626795307,16,"[12-20]",12,"[9.63063063063063-14]",4.18298028979688,4.18298028979688,66.71853562226,4.18298028979688,4.18298028979688,8.36596057959375,2010,2022,119532,"A90","CE",23007
"98","Camocim",2.00341262132224,3.84649594988471,18.6974917912929,14,"[9-19]",12,"[9.65765765765766-14]",3.15806095057635,3.15806095057635,46.9287857255645,3.15806095057635,3.15806095057635,6.31612190115269,2010,2022,158325,"A90","CE",23016
"99","Crateús",2.44559773826931,3.57636580319858,13.4771483102919,14,"[12-18]",12,"[10-15.6846846846847]",1.66620568309434,1.66620568309434,55.368014849225,1.66620568309434,1.66620568309434,3.33241136618869,2010,2022,300083,"A90","CE",23015
"100","Baturité",4.17190437473473,6.63436601546959,32.5984136321929,11,"[7-20]",12,"[8-16]",3.54748306076838,3.54748306076838,50.1968853098726,3.54748306076838,3.54748306076838,7.09496612153677,2010,2022,140945,"A90","CE",23004
"101","Juazeiro do Norte",2.25812884542619,3.78018542410822,19.5445069694145,16,"[8-19]",13,"[9.31531531531532-14]",1.15753066298726,1.15753066298726,38.6962500636642,1.15753066298726,1.15753066298726,2.31506132597452,2010,2022,431954,"A90","CE",23021
"102","Quixadá",4.50370807549175,6.80739458482254,32.2775874019497,14,"[9-19]",12,"[7.65765765765766-13]",1.52354486230202,1.52354486230202,44.0152110719052,1.52354486230202,1.52354486230202,3.04708972460403,2010,2022,328182,"A90","CE",23008
"103","Tianguá",2.26183571512446,2.88125297342747,11.6617883795349,15,"[52-18]",10,"[7.63063063063063-13.3693693693694]",1.54890353119027,1.54890353119027,36.4766781595308,1.54890353119027,1.54890353119027,3.09780706238054,2010,2022,322809,"A90","CE",23013
"104","Cascavel",3.44788516349032,5.47332648292041,34.2110494206459,10,"[8-19]",13,"[10.3153153153153-14.027027027027]",1.49354489894675,1.49354489894675,56.3365135882715,1.49354489894675,1.49354489894675,2.9870897978935,2010,2022,334774,"A90","CE",23022
"105","Canindé",3.00504529620598,4.20023316613276,26.9598606139982,13,"[10-17]",13,"[6-16.3423423423423]",2.39744911414255,2.39744911414255,56.17223274436,2.39744911414255,2.39744911414255,4.7948982282851,2010,2022,208555,"A90","CE",23005
"106","Imperatriz",0.701754329479717,0.787215937840635,5.80261507091694,10,"[3-14]",12,"[9.65765765765766-13.3423423423423]",0.917621451787251,0.917621451787251,9.72678738894486,0.917621451787251,0.917621451787251,1.8352429035745,2010,2022,544887,"A90","MA",21008
"107","Zé Doca",0.288001359133552,0.256404589659187,4.54864978562382,8,"[5-12]",7,"[4.65765765765766-13]",1.64945732853891,1.64945732853891,7.25761224557121,1.64945732853891,1.64945732853891,3.29891465707782,2010,2022,303130,"A90","MA",21019
"108","Caxias",0.394800364787103,0.522028206726603,7.00129762868104,12,"[7-17]",10,"[9-13.3423423423423]",1.62694216220613,1.62694216220613,12.462376962499,1.62694216220613,1.62694216220613,3.25388432441227,2010,2022,307325,"A90","MA",21005
"109","Pinheiro",0.384084876572454,0.808042249202522,3.65791345208476,9,"[51-13]",8,"[3.65765765765766-10.027027027027]",1.25221642306883,1.25221642306883,5.76019554611663,1.25221642306883,1.25221642306883,2.50443284613766,2010,2022,399292,"A90","MA",21011
"110","Açailândia",0.442419563736374,0.711905253296093,6.66920423328411,9,"[6-17]",9,"[6-13.027027027027]",1.66783415057207,1.66783415057207,9.67343807331799,1.66783415057207,1.66783415057207,3.33566830114413,2010,2022,299790,"A90","MA",21001
"111","Santa Inês",0.282381288025124,0.656028375837622,3.05719243388297,6,"[3-9]",10,"[8-15.6846846846847]",1.26345580431596,1.26345580431596,5.59710921311972,1.26345580431596,1.26345580431596,2.52691160863193,2010,2022,395740,"A90","MA",21014
"112","Balsas",1.08483663496423,1.68292168461736,16.2605738333725,8,"[2-11]",12,"[8.31531531531532-13.3423423423423]",2.19305940559318,2.19305940559318,31.6458472227096,2.19305940559318,2.19305940559318,4.38611881118636,2010,2022,227992,"A90","MA",21003
"113","Chapadinha",0.21241895138269,0.548654065309471,2.822413049187,12,"[7-19]",8,"[6.65765765765766-10.3423423423423]",1.31166807452373,1.31166807452373,5.77133952790443,1.31166807452373,1.31166807452373,2.62333614904747,2010,2022,381194,"A90","MA",21006
"114","São Luís",1.07113102763678,1.81447982759386,5.25070604037542,12,"[7-23]",14,"[7.97297297297298-16.3423423423423]",0.341287842849235,0.341287842849235,14.043994733246,0.341287842849235,0.341287842849235,0.682575685698469,2010,2022,1465039,"A90","MA",21016
"115","Bacabal",0.127819325523685,0.159959389128854,1.80022468312013,12,"[6-14]",7,"[6-10]",1.85325208676185,1.85325208676185,3.7065041735237,1.85325208676185,1.85325208676185,3.7065041735237,2010,2022,269796,"A90","MA",21002
"116","Codó",0.158351244400536,0.203865099865992,1.87019946641582,11,"[7-22]",8,"[6-9]",1.6095594957572,1.6095594957572,3.2191189915144,1.6095594957572,1.6095594957572,3.2191189915144,2010,2022,310644,"A90","MA",21007
"117","Itapecuru Mirim",0.345395471967189,0.346922296114334,4.02250308127687,14,"[8-20]",8,"[6-11.3423423423423]",1.28898203932426,1.28898203932426,7.21829942021588,1.28898203932426,1.28898203932426,2.57796407864853,2010,2022,387903,"A90","MA",21009
"118","Barra do Corda",1.8610463519755,2.68394882654482,23.8963092456257,3,"[1-7]",8,"[5-11]",2.12923611525129,2.12923611525129,29.0214882508751,2.12923611525129,2.12923611525129,4.25847223050258,2010,2022,234826,"A90","MA",21004
"119","Rosário",0.218803999194906,0.307719039503717,2.3807117503292,8,"[4-14]",8,"[6.65765765765766-12.027027027027]",1.64745731438098,1.64745731438098,3.29491462876197,1.64745731438098,1.64745731438098,3.29491462876197,2010,2022,303498,"A90","MA",21013
"120","Viana",0.0809058209447153,0.0812630787032496,0.422666337134261,10,"[3-16]",4,"[3.65765765765766-11.3423423423423]",1.82168607976799,1.82168607976799,3.64337215953598,1.82168607976799,1.82168607976799,3.64337215953598,2010,2022,274471,"A90","MA",21018
"121","São João dos Patos",0.437307052566185,0.487447928273659,6.10525398294111,8,"[6-13]",12,"[4.65765765765766-13.6846846846847]",2.02407843708759,2.02407843708759,9.37148316371555,2.02407843708759,2.02407843708759,4.04815687417519,2010,2022,247026,"A90","MA",21015
"122","Pedreiras",0.272499506774679,0.496995542349959,2.78802590414265,10,"[8-19]",10,"[6.65765765765766-12.3423423423423]",2.28200049291211,2.28200049291211,8.28366178927094,2.28200049291211,2.28200049291211,4.56400098582421,2010,2022,219106,"A90","MA",21010
"123","Presidente Dutra",0.246180980554211,0.388485012424047,4.03621684130692,7,"[1-10]",8,"[3-13.027027027027]",1.71498346755937,1.71498346755937,8.23192064428499,1.71498346755937,1.71498346755937,3.42996693511875,2010,2022,291548,"A90","MA",21012
"124","Timon",0.357092020236737,0.371256446162235,5.17093913211393,16,"[8-22]",6,"[4-10.7117117117117]",1.98893357359651,1.98893357359651,6.42425544271672,1.98893357359651,1.98893357359651,3.97786714719302,2010,2022,251391,"A90","MA",21017
"125","10ª Região",1.44155496083192,2.75082778385414,28.5518092694018,14,"[9-18]",11,"[7.65765765765766-13.3423423423423]",4.24592391304348,4.24592391304348,53.2863451086955,4.24592391304348,4.24592391304348,8.49184782608696,2010,2022,117760,"A90","PB",25010
"126","4ª Região",2.81299220026565,4.96486588901664,33.8702208873754,14,"[10-17]",14,"[10.972972972973-15.3423423423423]",4.40016896648831,4.40016896648831,55.4421289777527,4.40016896648831,4.40016896648831,8.80033793297663,2010,2022,113632,"A90","PB",25004
"127","11ª Região",1.34212578347434,2.65188522013868,35.8791830448904,14,"[9-19]",12,"[8.31531531531532-13]",5.86627245315781,5.86627245315781,87.0554832048618,5.86627245315781,5.86627245315781,11.7325449063156,2010,2022,85233,"A90","PB",25011
"128","7ª Região",1.45577658870824,2.68147145021987,22.5556548006055,14,"[10-18]",10,"[9.31531531531532-13.3423423423423]",3.36573413392929,3.36573413392929,45.8749562454562,3.36573413392929,3.36573413392929,6.73146826785858,2010,2022,148556,"A90","PB",25007
"129","3ª Região",3.45144574804807,5.24159176849415,21.7059686730541,16,"[11-23]",12,"[8.63063063063063-15.3423423423423]",2.52835550701113,2.52835550701113,45.0805786900084,2.52835550701113,2.52835550701113,5.05671101402226,2010,2022,197757,"A90","PB",25003
"130","2ª Região",1.28582650461071,4.16314524144003,15.4803225286761,14,"[3-19]",12,"[6.97297297297297-17.7117117117117]",1.62752999537781,1.62752999537781,46.2218518687299,1.62752999537781,1.62752999537781,3.25505999075563,2010,2022,307214,"A90","PB",25002
"131","1ª Região Mata Atlântica",4.59951347885052,6.60826286341376,27.3380649760016,16,"[9-19]",13,"[7.28828828828829-18.3423423423423]",1.66100791470271,1.66100791470271,41.3817471840253,0.377501798796071,0.377501798796071,0.755003597592143,2010,2022,1324497,"A90","PB",25001
"132","5ª Região",2.7622406099808,6.0250624328941,30.2268194918172,20,"[7-27]",10,"[7.31531531531532-11.3423423423423]",4.39035526754825,4.39035526754825,42.1474105684632,4.39035526754825,4.39035526754825,8.7807105350965,2010,2022,113886,"A90","PB",25005
"133","6ª Região",1.2779838748349,3.9605714385194,19.8407576182606,15,"[8-20]",14,"[9.63063063063063-14.6846846846847]",2.09582971802707,2.09582971802707,49.4825396426191,2.09582971802707,2.09582971802707,4.19165943605414,2010,2022,238569,"A90","PB",25006
"134","15ª Região",2.94377128573407,4.65629470475314,25.0483264659566,16,"[6-21]",14,"[8.97297297297298-16.027027027027]",3.30176842716959,3.30176842716959,59.8280439003129,3.30176842716959,3.30176842716959,6.60353685433918,2010,2022,151434,"A90","PB",25015
"135","16ª Região",1.95215938305319,4.89390633749576,10.978624087882,18,"[11-22]",14,"[10.2882882882883-14.3423423423423]",0.903649297322306,0.903649297322306,19.6001532589208,0.903649297322306,0.903649297322306,1.80729859464461,2010,2022,553312,"A90","PB",25016
"136","14ª Região",0.542288865487838,1.84462973514282,10.9388415074915,12,"[9-22]",8,"[5-11.027027027027]",3.26321766314457,3.26321766314457,14.3581577178361,3.26321766314457,3.26321766314457,6.52643532628913,2010,2022,153223,"A90","PB",25014
"137","9ª Região",2.09365870606852,5.43425027911361,25.6328168788293,18,"[8-20]",12,"[5-13]",2.8073485154741,2.8073485154741,40.4258186228271,2.8073485154741,2.8073485154741,5.61469703094821,2010,2022,178104,"A90","PB",25009
"138","8ª Região",2.04188560401655,4.36455223143324,33.495555261367,18,"[12-26]",9,"[7.65765765765766-12.3423423423423]",4.20076285853511,4.20076285853511,61.877236906222,4.20076285853511,4.20076285853511,8.40152571707022,2010,2022,119026,"A90","PB",25008
"139","12ª Região",1.01558846012663,1.00480403304245,15.7725535126426,16,"[50-20]",9,"[4.31531531531532-12.3423423423423]",2.83491710702379,2.83491710702379,19.8444197491665,2.83491710702379,2.83491710702379,5.66983421404758,2010,2022,176372,"A90","PB",25012
"140","13ª Região",0.462476315151528,1.10690264496943,19.4473425998651,11,"[9-15]",10,"[5-13.3423423423423]",8.23696089090969,8.23696089090969,34.5952357418207,8.23696089090969,8.23696089090969,16.4739217818194,2010,2022,60702,"A90","PB",25013
"141","Arcoverde",1.9855440284365,3.93546926429635,15.4853033482922,16,"[10-17]",8,"[6.65765765765766-12]",1.16621883863263,1.16621883863263,31.2896514405135,1.16621883863263,1.16621883863263,2.33243767726526,2010,2022,428736,"A90","PE",26002
"142","Salgueiro",3.0922373059327,6.17035565929467,48.0205974446492,15,"[9-22]",12,"[7.97297297297298-14.6846846846847]",3.37165784416197,3.37165784416197,105.398024208503,3.37165784416197,3.37165784416197,6.74331568832395,2010,2022,148295,"A90","PE",26011
"143","Caruaru",4.41493637901831,7.34700821019831,26.6531095294288,16,"[11-19]",12,"[10-13.3423423423423]",1.58440028288747,1.58440028288747,54.1972924039529,0.360090973383516,0.360090973383516,0.720181946767031,2010,2022,1388538,"A90","PE",26003
"144","Serra Talhada",1.13801579486975,1.62217916560737,16.833374930563,11,"[9-16]",11,"[5.31531531531532-15]",2.07353587631773,2.07353587631773,36.5564374994816,2.07353587631773,2.07353587631773,4.14707175263546,2010,2022,241134,"A90","PE",26012
"145","Garanhuns",2.56227503475115,3.12373946731275,17.666952223016,14,"[12-21]",12,"[8.97297297297298-13.3423423423423]",0.913829530584047,0.913829530584047,29.0597790725727,0.913829530584047,0.913829530584047,1.82765906116809,2010,2022,547148,"A90","PE",26004
"146","Afogados da Ingazeira",3.47391610007178,5.6596707978272,30.7211689571639,12,"[7-18]",13,"[12-16.3423423423423]",2.72114767124182,2.72114767124182,98.1245850249801,2.72114767124182,2.72114767124182,5.44229534248365,2010,2022,183746,"A90","PE",26001
"147","Ouricuri",1.41022854581688,2.18934049141371,13.3192400304215,12,"[6-18]",12,"[8.65765765765766-14.027027027027]",1.39659733026454,1.39659733026454,33.8814512322178,1.39659733026454,1.39659733026454,2.79319466052909,2010,2022,358013,"A90","PE",26007
"148","Petrolina",2.07627782917708,3.43269060383716,28.7695514358619,12,"[7-25]",12,"[6.94594594594595-16]",0.978837532546348,0.978837532546348,43.0688514320393,0.978837532546348,0.978837532546348,1.9576750650927,2010,2022,510810,"A90","PE",26009
"149","Recife",5.3598419179857,7.48131281574916,29.9311992074237,14,"[7-18]",11,"[6.31531531531532-13.3423423423423]",2.48845042079462,2.48845042079462,52.8572692918879,0.117379736829935,0.117379736829935,0.23475947365987,2010,2022,4259679,"A90","PE",26010
"150","Palmares",1.59905428061771,2.25829891064028,12.5667199188003,14,"[7-18]",10,"[4.65765765765766-11.3423423423423]",0.800055043787013,0.800055043787013,27.6659034141549,0.800055043787013,0.800055043787013,1.60011008757403,2010,2022,624957,"A90","PE",26008
"151","Goiana",3.21253239260517,4.29893021140556,34.1043172537114,15,"[2-18]",10,"[8-13]",1.58418351181801,1.58418351181801,83.3755782269818,1.58418351181801,1.58418351181801,3.16836702363602,2010,2022,315620,"A90","PE",26005
"152","Limoeiro",3.33522851076176,6.70127632918944,31.3698129297615,16,"[10-19]",12,"[8-13]",1.16059289717147,1.16059289717147,73.6479092747951,0.828994926551049,0.828994926551049,1.6579898531021,2010,2022,603140,"A90","PE",26006
"153","Vale do Rio Guaribas",0.929591537984703,2.32430536263455,15.9319712178959,16,"[12-20]",12,"[8.31531531531532-13]",1.32396671018104,1.32396671018104,25.1950864947452,1.32396671018104,1.32396671018104,2.64793342036208,2010,2022,377653,"A90","PI",22009
"154","Vale do Canindé",0.629644801851136,1.05783215394802,11.1243825142203,16,"[8-19]",14,"[13-15.6846846846847]",4.5826993932506,4.5826993932506,22.913496966253,4.5826993932506,4.5826993932506,9.1653987865012,2010,2022,109106,"A90","PI",22008
"155","Entre Rios",2.75331072629298,3.82703418042397,19.5007109840173,12,"[9-16]",12,"[7.94594594594595-14.6846846846847]",1.29363177418364,1.29363177418364,29.4907618520926,0.404259929432387,0.404259929432387,0.808519858864774,2010,2022,1236828,"A90","PI",22004
"156","Vale do Sambito",0.378774912827925,1.10775686735683,8.41856933773794,14,"[7-22]",10,"[5-14.3423423423423]",4.68177945073363,4.68177945073363,21.5361854733747,4.68177945073363,4.68177945073363,9.36355890146727,2010,2022,106797,"A90","PI",22010
"157","Tabuleiros do Alto Parnaíba",0.849279520848588,1.15343940806113,13.7206478504698,14,"[6-16]",12,"[8.97297297297298-12.6846846846847]",10.3788271925272,10.3788271925272,29.0607161390763,10.3788271925272,10.3788271925272,20.7576543850545,2010,2022,48175,"A90","PI",22007
"158","Cocais",1.12036978731092,1.80045097352605,7.23198209613919,13,"[10-16]",13,"[8.65765765765766-14]",1.24235022846821,1.24235022846821,20.4118142537326,1.24235022846821,1.24235022846821,2.48470045693641,2010,2022,402463,"A90","PI",22003
"159","Chapada das Mangabeiras",0.798934091642084,1.18408233628347,10.4856072613206,12,"[6-19]",13,"[10.6306306306306-14.3423423423423]",2.52641365476052,2.52641365476052,25.7694192785573,2.52641365476052,2.52641365476052,5.05282730952104,2010,2022,197909,"A90","PI",22002
"160","Vale dos Rios Piauí e Itaueiras",0.610375415144951,0.739696488396025,6.83954984980188,14,"[10-16]",10,"[7.65765765765766-11.3423423423423]",2.48474367384261,2.48474367384261,18.3871031864353,2.48474367384261,2.48474367384261,4.96948734768521,2010,2022,201228,"A90","PI",22011
"161","Serra da Capivara",0.693264914733094,1.50642832278283,12.5436380217764,16,"[9-22]",10,"[7-13.3423423423423]",3.35843201526072,3.35843201526072,20.8222784946164,3.35843201526072,3.35843201526072,6.71686403052143,2010,2022,148879,"A90","PI",22006
"162","Carnaubais",0.746249386948004,0.983159791436652,6.77098092713977,16,"[10-24]",10,"[6-13]",3.05664575920967,3.05664575920967,13.4492413405226,3.05664575920967,3.05664575920967,6.11329151841935,2010,2022,163578,"A90","PI",22001
"163","Planície Litorânea",1.24008807501988,2.99562072433566,15.9540994308864,17,"[15-22]",12,"[9.65765765765766-13]",1.81540260183501,1.81540260183501,26.9768826632682,1.81540260183501,1.81540260183501,3.63080520367002,2010,2022,275421,"A90","PI",22005
"164","Mossoró",4.45399251387241,4.99252873957665,25.9439411567424,16,"[8-20]",10,"[8-13.3693693693694]",1.01243677332351,1.01243677332351,37.3487925679041,1.01243677332351,1.01243677332351,2.02487354664701,2010,2022,493858,"A90","RN",24002
"165","São José de Mipibu",2.10572572827783,3.9466000961456,17.7351139663764,16,"[9-18]",14,"[11.3153153153153-16.6846846846847]",1.28788971542789,1.28788971542789,38.7139648457623,1.28788971542789,1.28788971542789,2.57577943085578,2010,2022,388232,"A90","RN",24001
"166","Santa Cruz",5.67820899624972,7.8683221231022,56.306878816594,17,"[8-27]",11,"[7.31531531531532-14.3423423423423]",2.47016046162359,2.47016046162359,82.9973915105525,2.47016046162359,2.47016046162359,4.94032092324717,2010,2022,202416,"A90","RN",24005
"167","Pau dos Ferros",3.5961633940791,4.21051190053122,28.0962298840967,13,"[5-27]",7,"[5-13.027027027027]",1.98379635140175,1.98379635140175,52.9475246189127,1.98379635140175,1.98379635140175,3.9675927028035,2010,2022,252042,"A90","RN",24006
"168","Caicó",7.79038368415802,11.3973994306517,62.4486108059083,10,"[6-18]",12,"[9-15.027027027027]",1.60299567832365,1.60299567832365,78.6109080649918,1.60299567832365,1.60299567832365,3.2059913566473,2010,2022,311916,"A90","RN",24004
"169","Açu",1.58242373711629,2.37979061799319,24.8221420199562,19,"[9-25]",10,"[7.97297297297298-14.3423423423423]",3.14615791195792,3.14615791195792,36.4954317787118,3.14615791195792,3.14615791195792,6.29231582391583,2010,2022,158924,"A90","RN",24008
"170","Metropolitana",6.41354225332143,10.0918887333702,38.4024828749704,15,"[6-20]",13,"[7.65765765765766-15]",2.98845799212068,2.98845799212068,65.5492749344908,0.364446096600082,0.364446096600082,0.728892193200165,2010,2022,1371945,"A90","RN",24007
"171","João Câmara",2.27228851817554,3.77323865867294,33.9249779810359,14,"[6-21]",11,"[8.65765765765766-17]",1.40911755422284,1.40911755422284,65.9889750642558,1.40911755422284,1.40911755422284,2.81823510844569,2010,2022,354832,"A90","RN",24003
"172","Nossa Senhora do Socorro",1.02306148587968,1.24926367233443,6.73407857044555,22,"[15-30]",10,"[7.31531531531532-13.027027027027]",1.43266475644699,1.43266475644699,9.74212034383954,1.43266475644699,1.43266475644699,2.86532951289398,2010,2022,349000,"A90","SE",28006
"173","Aracaju",2.75398861857926,3.64284791533951,17.0525091107422,20,"[2-25]",10,"[6.65765765765766-13]",0.918334783537012,0.918334783537012,26.4250833962775,0.573959239710633,0.573959239710633,1.14791847942127,2010,2022,871142,"A90","SE",28001
"174","Propriá",1.6611221270709,2.10631710061854,17.9133080029569,12,"[41-21]",6,"[3-9.36936936936937]",3.12644598126634,3.12644598126634,24.3862786538774,3.12644598126634,3.12644598126634,6.25289196253267,2010,2022,159926,"A90","SE",28007
"175","Estância",2.86651453614634,3.68543296844709,20.8374481331033,18,"[12-22]",10,"[7.65765765765766-14.027027027027]",2.01924746685405,2.01924746685405,27.8656150425859,2.01924746685405,2.01924746685405,4.03849493370811,2010,2022,247617,"A90","SE",28002
"176","Itabaiana",1.19103813850709,2.06499611037677,11.1071811998784,16,"[8-18]",12,"[8.31531531531532-15.027027027027]",1.96501487516261,1.96501487516261,16.289973315098,1.96501487516261,1.96501487516261,3.93002975032521,2010,2022,254451,"A90","SE",28003
"177","Nossa Senhora da Glória",0.926206909073533,2.50915684146518,10.8396503913858,13,"[44-31]",8,"[6.65765765765766-11.6846846846847]",2.86322926449367,2.86322926449367,24.0511258217468,2.86322926449367,2.86322926449367,5.72645852898733,2010,2022,174628,"A90","SE",28005
"178","Lagarto",1.95723735084696,2.45021811502475,13.5918251149883,20,"[51-26]",10,"[5.65765765765766-14.3423423423423]",1.90797457051492,1.90797457051492,21.865388578101,1.90797457051492,1.90797457051492,3.81594914102985,2010,2022,262058,"A90","SE",28004
"179","Baixada Cuiabana",3.31655139243335,3.67470334756804,16.0657285232607,5,"[1-12]",10,"[8-13.3423423423423]",1.0816934205506,1.0816934205506,30.4447530002242,0.491678827523001,0.491678827523001,0.983357655046001,2010,2022,1016924,"A90","MT",51002
"180","Norte Matogrossense",8.61596782688119,8.09987457106941,69.4121621824289,6,"[3-13]",13,"[8.28828828828829-17.027027027027]",7.27950382901901,7.27950382901901,189.703869784235,7.27950382901901,7.27950382901901,14.559007658038,2010,2022,68686,"A90","MT",51010
"181","Teles Pires",23.4048018191897,20.6411970179144,88.7745691836933,3,"[1-15]",14,"[11-16]",3.98573242899992,3.98573242899992,184.244422226426,1.1259131155367,1.1259131155367,2.2518262310734,2010,2022,444084,"A90","MT",51014
"182","Médio Norte Matogrossense",4.36879738058081,4.07287602532667,37.8877018414691,8,"[3-11]",14,"[13-14]",1.97789504497733,1.97789504497733,67.3077683805786,1.97789504497733,1.97789504497733,3.95579008995467,2010,2022,252794,"A90","MT",51007
"183","Garças Araguaia",8.50040300054355,4.75717917135816,34.9711787480688,2,"[51-8]",12,"[10-15.027027027027]",3.93703887432185,3.93703887432185,75.3942944432632,3.93703887432185,3.93703887432185,7.87407774864369,2010,2022,126999,"A90","MT",51005
"184","Vale do Peixoto",5.63266856560873,5.4741556601195,47.4042775239555,6,"[1-12]",12,"[8.63063063063063-14]",4.6686648552247,4.6686648552247,80.7212153468351,4.6686648552247,4.6686648552247,9.33732971044941,2010,2022,107097,"A90","MT",51015
"185","Sul Matogrossense",5.46839986318708,4.30864004572354,32.2111901401557,9,"[2-13]",14,"[10.6306306306306-14]",1.11311058753687,1.11311058753687,60.8778732167041,0.927592156280727,0.927592156280727,1.85518431256145,2010,2022,539030,"A90","MT",51013
"186","Sudoeste Matogrossense",4.13488511160801,3.76793071493868,27.8746608736974,4,"[2-13]",12,"[7.65765765765766-13]",4.16073761556449,4.16073761556449,65.7396543259189,4.16073761556449,4.16073761556449,8.32147523112898,2010,2022,120171,"A90","MT",51012
"187","Médio Araguaia",7.90433585160037,9.24303799985188,63.7559620826801,8,"[50-11]",13,"[6.97297297297297-15.3423423423423]",4.97943493372372,4.97943493372372,100.036847818509,4.97943493372372,4.97943493372372,9.95886986744744,2010,2022,100413,"A90","MT",51006
"188","Alto Tapajós",11.6408272886918,8.93869699788448,70.15593414659,2,"[47-11]",13,"[10.972972972973-15.3423423423423]",4.60205988200318,4.60205988200318,147.265916224102,4.60205988200318,4.60205988200318,9.20411976400637,2010,2022,108647,"A90","MT",51001
"189","Norte Araguaia Karajá",0.709163356330932,0.566196032942338,9.90014924263123,51,"[46-4]",8,"[4.65765765765766-11]",19.8255352894528,19.8255352894528,39.6510705789056,19.8255352894528,19.8255352894528,39.6510705789056,2010,2022,25220,"A90","MT",51009
"190","Centro Norte",4.50828401731482,2.90238424100463,23.7312559853739,8,"[51-14]",12,"[9-14.3423423423423]",4.91048191469511,4.91048191469511,49.2521336043919,4.91048191469511,4.91048191469511,9.82096382939022,2010,2022,101823,"A90","MT",51004
"191","Oeste Matogrossense",2.97872762518656,2.86800704111584,19.3884271560322,4,"[52-8]",12,"[9.28828828828829-14.3423423423423]",2.51132608062361,2.51132608062361,56.2537042059689,2.51132608062361,2.51132608062361,5.02265216124722,2010,2022,199098,"A90","MT",51011
"192","Vale dos Arinos",3.82609585362614,3.699256280894,42.4166475618137,3,"[1-9]",10,"[7.31531531531532-12.6846846846847]",9.26543621673708,9.26543621673708,94.5074494107183,9.26543621673708,9.26543621673708,18.5308724334742,2010,2022,53964,"A90","MT",51016
"193","Araguaia Xingu",2.03849967468266,2.8797673497076,26.6091151407888,5,"[1-11]",14,"[10.3153153153153-14.3423423423423]",5.42699604914688,5.42699604914688,52.2619719532844,5.42699604914688,5.42699604914688,10.8539920982938,2010,2022,92132,"A90","MT",51003
"194","Noroeste Matogrossense",6.47714012762257,5.71253213411642,32.945834460747,2,"[47-14]",9,"[5-13.3423423423423]",2.95616597098227,2.95616597098227,54.5708238243328,2.95616597098227,2.95616597098227,5.91233194196455,2010,2022,169138,"A90","MT",51008
"195","Campo Grande",9.90909401936947,9.12355922368271,90.5490138286001,3,"[1-8]",12,"[6.31531531531532-15]",2.90745700931297,2.90745700931297,177.172754981378,0.325218904844851,0.325218904844851,0.650437809689702,2010,2022,1537426,"A90","MS",50001
"196","Dourados",5.41150921028458,4.13834861637543,57.0139085507144,5,"[3-11]",14,"[11-14.6846846846847]",0.823908409633137,0.823908409633137,140.482268902519,0.588506006880812,0.588506006880812,1.17701201376162,2010,2022,849609,"A90","MS",50003
"197","Três Lagoas",10.3664597492958,14.0064264894001,106.97344077892,6,"[1-13]",12,"[7.31531531531532-12.6846846846847]",2.79122995547988,2.79122995547988,177.993245223508,1.74451872217493,1.74451872217493,3.48903744434985,2010,2022,286612,"A90","MS",50004
"198","Corumbá",6.90761179753819,9.64838644015215,56.0167312638958,4,"[1-9]",12,"[10.6576576576577-14.6846846846847]",3.68332265169764,3.68332265169764,130.426455096613,3.68332265169764,3.68332265169764,7.36664530339529,2010,2022,135747,"A90","MS",50002
"199","Distrito Federal",6.52430136954177,7.13170138853397,39.17887277072,11,"[7-13]",14,"[12.6576576576577-15]",1.5612986469727,1.5612986469727,70.8017841355692,0.163658139095671,0.163658139095671,0.327316278191342,2010,2022,3055149,"A90","DF",53001
"200","Central",22.9418664523097,20.9892256092225,107.630757895456,6,"[3-11]",15,"[13.6576576576577-17.3423423423423]",8.62653656954151,8.62653656954151,182.712110779193,0.258279538010225,0.258279538010225,0.51655907602045,2010,2022,1935887,"A90","GO",52001
"201","Rio Vermelho",5.86118756147289,5.13571690092629,48.8545938694991,6,"[3-10]",16,"[15-17]",2.50332942813943,2.50332942813943,85.6889663252125,2.50332942813943,2.50332942813943,5.00665885627885,2010,2022,199734,"A90","GO",52012
"202","Sul",9.19242343428412,8.0944488508381,85.5396637996726,6,"[4-10]",15,"[13.3153153153153-16.6846846846847]",1.95491191166926,1.95491191166926,115.242057192903,1.95491191166926,1.95491191166926,3.90982382333852,2010,2022,255766,"A90","GO",52017
"203","Sudoeste I",8.79208683263163,8.72702903660537,69.0458558114173,6,"[3-11]",13,"[12-15]",1.68414316058937,1.68414316058937,102.353800584819,1.05258947536835,1.05258947536835,2.10517895073671,2010,2022,475019,"A90","GO",52015
"204","Norte",4.33724877447774,3.09615370802995,33.6382866030146,5,"[1-12]",13,"[12-15.3423423423423]",3.67066769445362,3.67066769445362,61.7773372976544,3.67066769445362,3.67066769445362,7.34133538890724,2010,2022,136215,"A90","GO",52008
"205","Estrada de Ferro",9.34611708536238,7.7509724178189,70.3149688731503,8,"[5-10]",15,"[13.3153153153153-16.3423423423423]",1.56580776891183,1.56580776891183,124.638298405381,1.56580776891183,1.56580776891183,3.13161553782365,2010,2022,319324,"A90","GO",52005
"206","São Patrício I",12.473469081013,8.59847063832965,76.2197826189946,3,"[2-11]",16,"[14-19]",3.00656031460647,3.00656031460647,119.841494140214,3.00656031460647,3.00656031460647,6.01312062921294,2010,2022,166303,"A90","GO",52013
"207","Pirineus",20.772396545818,19.1121528894813,98.8667959142407,10,"[6-13]",14,"[12.3153153153153-15]",6.43683383502773,6.43683383502773,143.427803335794,0.94659321103349,0.94659321103349,1.89318642206698,2010,2022,528210,"A90","GO",52011
"208","Nordeste I",3.91495940899578,6.94209884875797,49.750617013489,8,"[3-13]",13,"[8.63063063063063-15.3423423423423]",10.7084725434764,10.7084725434764,107.084725434764,10.7084725434764,10.7084725434764,21.4169450869528,2010,2022,46692,"A90","GO",52006
"209","Entorno Norte",7.11211896258822,7.10381308658594,57.1297508269329,11,"[8-14]",15,"[12.6576576576577-15.3423423423423]",1.82980607715194,1.82980607715194,87.2085576370616,1.82980607715194,1.82980607715194,3.65961215430389,2010,2022,273253,"A90","GO",52003
"210","Centro Sul",25.3896671942865,21.2233341218866,82.8487875262398,6,"[2-11]",14,"[11.972972972973-15.3423423423423]",8.3201770533677,8.3201770533677,103.097393912542,0.520011065835481,0.520011065835481,1.04002213167096,2010,2022,961518,"A90","GO",52002
"211","Oeste I",8.88754030924589,10.0047010317223,71.0552282049233,2,"[1-10]",14,"[11.6576576576577-16]",4.39877538093395,4.39877538093395,100.55600520815,4.39877538093395,4.39877538093395,8.7975507618679,2010,2022,113668,"A90","GO",52009
"212","Sudoeste II",22.719080688664,22.7912758330668,127.303128275546,8,"[6-12]",14,"[12.6576576576577-15]",5.08403485953235,5.08403485953235,206.51773268992,2.11834785813848,2.11834785813848,4.23669571627696,2010,2022,236033,"A90","GO",52016
"213","Entorno Sul",7.48062470612159,10.1037930785421,61.124255045863,10,"[4-11]",15,"[12.972972972973-17.6846846846847]",1.83194985198923,1.83194985198923,91.4304618776624,0.538808779996832,0.538808779996832,1.07761755999366,2010,2022,927973,"A90","GO",52004
"214","São Patrício II",14.5269690615769,10.2257684689078,68.5889703443898,10,"[4-12]",13,"[11.3153153153153-16.3423423423423]",2.69866200337872,2.69866200337872,103.574647689675,2.69866200337872,2.69866200337872,5.39732400675745,2010,2022,185277,"A90","GO",52018
"215","Nordeste II",3.97695110370925,3.68457535849848,60.3112064839744,10,"[6-15]",14,"[12-15.3423423423423]",4.87077825294926,4.87077825294926,109.251556213652,4.87077825294926,4.87077825294926,9.74155650589851,2010,2022,102653,"A90","GO",52007
"216","Serra da Mesa",6.95393340336886,7.90328960275715,49.1856427313862,6,"[1-9]",14,"[12-16]",3.84766331406937,3.84766331406937,80.0313969326428,3.84766331406937,3.84766331406937,7.69532662813873,2010,2022,129949,"A90","GO",52014
"217","Oeste II",12.5988606854399,10.6962451875103,95.9201635849395,6,"[3-8]",16,"[13.6576576576577-17]",4.37418530798639,4.37418530798639,171.599289632306,4.37418530798639,4.37418530798639,8.74837061597278,2010,2022,114307,"A90","GO",52010
"218","Nossa Senhora do Socorro",1.02306148587968,1.24926367233443,6.73407857044555,22,"[15-30]",10,"[7.31531531531532-13.027027027027]",1.43266475644699,1.43266475644699,9.74212034383954,1.43266475644699,1.43266475644699,2.86532951289398,2010,2022,349000,"A90","SE",28006
"219","Aracaju",2.75398861857926,3.64284791533951,17.0525091107422,20,"[2-25]",10,"[6.65765765765766-13]",0.918334783537012,0.918334783537012,26.4250833962775,0.573959239710633,0.573959239710633,1.14791847942127,2010,2022,871142,"A90","SE",28001
"220","Propriá",1.6611221270709,2.10631710061854,17.9133080029569,12,"[41-21]",6,"[3-9.36936936936937]",3.12644598126634,3.12644598126634,24.3862786538774,3.12644598126634,3.12644598126634,6.25289196253267,2010,2022,159926,"A90","SE",28007
"221","Estância",2.86651453614634,3.68543296844709,20.8374481331033,18,"[12-22]",10,"[7.65765765765766-14.027027027027]",2.01924746685405,2.01924746685405,27.8656150425859,2.01924746685405,2.01924746685405,4.03849493370811,2010,2022,247617,"A90","SE",28002
"222","Itabaiana",1.19103813850709,2.06499611037677,11.1071811998784,16,"[8-18]",12,"[8.31531531531532-15.027027027027]",1.96501487516261,1.96501487516261,16.289973315098,1.96501487516261,1.96501487516261,3.93002975032521,2010,2022,254451,"A90","SE",28003
"223","Nossa Senhora da Glória",0.926206909073533,2.50915684146518,10.8396503913858,13,"[44-31]",8,"[6.65765765765766-11.6846846846847]",2.86322926449367,2.86322926449367,24.0511258217468,2.86322926449367,2.86322926449367,5.72645852898733,2010,2022,174628,"A90","SE",28005
"224","Lagarto",1.95723735084696,2.45021811502475,13.5918251149883,20,"[51-26]",10,"[5.65765765765766-14.3423423423423]",1.90797457051492,1.90797457051492,21.865388578101,1.90797457051492,1.90797457051492,3.81594914102985,2010,2022,262058,"A90","SE",28004
"225","Região 14 - Fronteira Noroeste",1.00476236983769,0.818038643116773,10.1527159582582,8,"[1-10]",11,"[9.65765765765766-13]",2.24064530584808,2.24064530584808,19.7176786914631,2.24064530584808,2.24064530584808,4.48129061169617,2010,2022,223150,"A90","RS",43014
"226","Região 21 - Sul",0.0411032072021669,0.0474382066488612,0.351146963048688,10,"[1-14]",10,"[8-12.3423423423423]",0.56781338472423,0.56781338472423,1.13562676944846,0.56781338472423,0.56781338472423,1.13562676944846,2010,2022,880571,"A90","RS",43021
"227","Região 16 - Alto Uruguai Gaúcho",0.773271511453167,0.536799611626266,7.8419696748234,5,"[50-11]",8,"[3.65765765765766-12.3423423423423]",2.14887399002922,2.14887399002922,19.1679559910606,2.14887399002922,2.14887399002922,4.29774798005845,2010,2022,232680,"A90","RS",43016
"228","Região 04 - Belas Praias",0.168981437611785,0.147162899558423,2.12834669766213,8,"[48-15]",6,"[4.65765765765766-9]",3.07191349491598,3.07191349491598,6.14382698983197,3.07191349491598,3.07191349491598,6.14382698983197,2010,2022,162765,"A90","RS",43004
"229","Região 09 - Carbonífera/Costa Doce",0.101601081267438,0.0860887129286934,1.25814903498026,10,"[2-20]",6,"[3-8.68468468468468]",1.20405042563183,1.20405042563183,2.40810085126365,1.20405042563183,1.20405042563183,2.40810085126365,2010,2022,415265,"A90","RS",43009
"230","Região 27 - Jacuí Centro",0.0896015774988024,0.170135079763532,4.17082081002928,8,"[50-14]",4,"[2.65765765765766-6.68468468468468]",2.46446245145009,2.46446245145009,4.92892490290018,2.46446245145009,2.46446245145009,4.92892490290018,2010,2022,202884,"A90","RS",43027
"231","Região 22 - Pampa",0.137627589411222,0.0778206839762179,0.767681287510629,12,"[3-24]",6,"[5-9]",2.65191494778379,2.65191494778379,5.30382989556759,2.65191494778379,2.65191494778379,5.30382989556759,2010,2022,188543,"A90","RS",43022
"232","Região 18 - Araucárias",0.100903062137865,0.0919654570652439,1.48826842277627,4,"[52-12]",8,"[3.65765765765766-12]",3.74658124461429,3.74658124461429,7.49316248922858,3.74658124461429,3.74658124461429,7.49316248922858,2010,2022,133455,"A90","RS",43018
"233","Região 12 - Portal das Missões",0.392495144512314,0.33149905254539,4.38151861557317,11,"[2-13]",12,"[7.60360360360361-16]",3.29967663169009,3.29967663169009,6.59935326338019,3.29967663169009,3.29967663169009,6.59935326338019,2010,2022,151530,"A90","RS",43012
"234","Região 24 - Campos de Cima da Serra",0.016761911292797,0.0204554820561653,0.708129145027797,8,"[47-17]",3,"[3-5.71171171171171]",4.99530441385098,4.99530441385098,9.99060882770196,4.99530441385098,4.99530441385098,9.99060882770196,2010,2022,100094,"A90","RS",43024
"235","Região 29 - Vales e Montanhas",0.233431470993723,0.232323370808746,6.33538311530625,12,"[52-19]",6,"[3.65765765765766-9.68468468468468]",2.20013288802644,2.20013288802644,4.40026577605287,2.20013288802644,2.20013288802644,4.40026577605287,2010,2022,227259,"A90","RS",43029
"236","Região 02 - Entre Rios",0.0901142851050707,0.129029395197033,1.76576841760868,12,"[7-19]",4,"[3-9.34234234234234]",4.07637496127444,4.07637496127444,8.15274992254887,4.07637496127444,4.07637496127444,8.15274992254887,2010,2022,122658,"A90","RS",43002
"237","Região 11 - Sete Povos das Missões",0.621024973141796,0.582721205376298,8.09539865315331,8,"[4-12]",10,"[7.65765765765766-12.6846846846847]",1.79594475673928,1.79594475673928,17.2410696646971,1.79594475673928,1.79594475673928,3.59188951347857,2010,2022,278405,"A90","RS",43011
"238","Região 06 - Vale do Paranhana e Costa Serr",0.119246279772486,0.287939842180235,6.12687274600497,10,"[51-13]",4,"[2-8.05405405405405]",2.11238746255793,2.11238746255793,4.22477492511586,2.11238746255793,2.11238746255793,4.22477492511586,2010,2022,236699,"A90","RS",43006
"239","Região 19 - Botucaraí",0.10653862768691,0.143319788444358,2.0396754003048,9,"[52-14]",8,"[3.31531531531532-9.34234234234234]",4.26519261609854,4.26519261609854,8.53038523219709,4.26519261609854,4.26519261609854,8.53038523219709,2010,2022,117228,"A90","RS",43019
"240","Região 28 - Vinte e Oito",0.869236911514784,1.19308989541237,11.065024693428,13,"[51-16]",10,"[4.87128712871287-11.3421052631579]",1.41551231637266,1.41551231637266,17.3117156292377,1.41551231637266,1.41551231637266,2.83102463274533,2010,2022,353229,"A90","RS",43028
"241","Região 17 - Planalto",0.302131890340877,0.353204461199968,2.90252985179222,2,"[1-12]",9,"[7.65765765765766-11.6846846846847]",1.19323198816314,1.19323198816314,2.38646397632628,1.19323198816314,1.19323198816314,2.38646397632628,2010,2022,419030,"A90","RS",43017
"242","Região 30 - Vale da Luz",0.141242849798395,0.298579472574922,7.17745670479825,6,"[46-15]",6,"[2-11.3423423423423]",3.80911750365675,3.80911750365675,7.61823500731351,3.80911750365675,3.80911750365675,7.61823500731351,2010,2022,131264,"A90","RS",43030
"243","Região 05 - Bons Ventos",0.0511675172526282,0.0981347074246324,1.17337446263843,13,"[4-14]",6,"[2-12]",2.09054571605372,2.09054571605372,4.18109143210744,2.09054571605372,2.09054571605372,4.18109143210744,2010,2022,239172,"A90","RS",43005
"244","Região 01 - Verdes Campos",0.151658506858907,0.208596026820774,2.1857426885498,14,"[9-20]",10,"[4.31531531531532-11.3423423423423]",1.14181059189177,1.14181059189177,2.28362118378355,1.14181059189177,1.14181059189177,2.28362118378355,2010,2022,437901,"A90","RS",43001
"245","Região 26 - Uva Vale",0.0796969194495682,0.161852804772015,1.4456219430496,8,"[1-15]",6,"[3.97297297297298-10]",2.61822599479497,2.61822599479497,5.23645198958993,2.61822599479497,2.61822599479497,5.23645198958993,2010,2022,190969,"A90","RS",43026
"246","Região 13 - Diversidade",1.62517664449597,0.895112482257161,12.2040210543288,6,"[51-11]",12,"[8.28828828828829-14]",2.2031866892273,2.2031866892273,23.2436195713479,2.2031866892273,2.2031866892273,4.4063733784546,2010,2022,226944,"A90","RS",43013
"247","Região 20 - Rota da Produção",0.536452332752572,0.478844804129937,11.5814926363724,8,"[3-14]",9,"[5.65765765765766-10.6846846846847]",3.06673209028459,3.06673209028459,20.8537782139352,3.06673209028459,3.06673209028459,6.13346418056919,2010,2022,163040,"A90","RS",43020
"248","Região 08 - Vale do Caí e Metropolitana",0.280972456579963,0.395877674124711,2.84466642570266,11,"[4-14]",10,"[9.65765765765766-12]",0.638192231158332,0.638192231158332,3.73980647458782,0.638192231158332,0.638192231158332,1.27638446231666,2010,2022,783463,"A90","RS",43008
"249","Região 25 - Vinhedos e Basalto",0.146320603997405,0.173764411828623,1.42769804010438,7,"[1-15]",7,"[4-12.3423423423423]",1.55875411900776,1.55875411900776,3.11750823801552,1.55875411900776,1.55875411900776,3.11750823801552,2010,2022,320769,"A90","RS",43025
"250","Região 15 - Caminho das Águas",0.848486210635495,0.634731366367408,11.8301173631243,10,"[1-12]",10,"[8.31531531531532-12]",2.748521295543,2.748521295543,30.7834385100816,2.748521295543,2.748521295543,5.497042591086,2010,2022,181916,"A90","RS",43015
"251","Região 03 - Fronteira Oeste",0.0640571507028875,0.0673522206725026,0.61739980718483,10,"[51-17]",9,"[6.97297297297297-10.3423423423423]",1.09541983060428,1.09541983060428,2.19083966120856,1.09541983060428,1.09541983060428,2.19083966120856,2010,2022,456446,"A90","RS",43003
"252","Região 10 - Capital e Vale do Gravataí",0.336201257775638,0.398746768300469,2.06612804248559,8,"[49-13]",13,"[11.6576576576577-14]",0.210174991698088,0.210174991698088,4.34221532848249,0.210174991698088,0.210174991698088,0.420349983396176,2010,2022,2378970,"A90","RS",43010
"253","Região 07 - Vale dos Sinos",0.235529226572425,0.366165906231483,3.14058543276611,8,"[2-14]",9,"[6.65765765765766-12]",0.598324452204048,0.598324452204048,2.03430313749376,0.598324452204048,0.598324452204048,1.1966489044081,2010,2022,835667,"A90","RS",43007
"254","Região 23 - Caxias e Hortênsias",0.0773137907178678,0.113542898413131,0.872594765162065,2,"[50-12]",11,"[5.65765765765766-14.3693693693694]",0.795561403815831,0.795561403815831,1.59112280763166,0.795561403815831,0.795561403815831,1.59112280763166,2010,2022,628487,"A90","RS",43023
"255","Xanxerê",0.929612169197533,0.684246528170227,8.8983649029481,10,"[4-14]",11,"[7.31531531531532-12]",2.47464723903608,2.47464723903608,12.4474756123514,2.47464723903608,2.47464723903608,4.94929447807215,2010,2022,202049,"A90","SC",42003
"256","Alto Vale do Itajaí",0.152770170609438,0.160134610124425,1.21982206293367,6,"[3-15]",8,"[3.65765765765766-11]",1.66446402593901,1.66446402593901,3.32892805187801,1.66446402593901,1.66446402593901,3.32892805187801,2010,2022,300397,"A90","SC",42004
"257","Extremo Oeste",1.65659512247556,1.52938638463121,15.822405161288,8,"[3-12]",11,"[5.65765765765766-12.3423423423423]",2.14622671880567,2.14622671880567,19.8096726145763,2.14622671880567,2.14622671880567,4.29245343761134,2010,2022,232967,"A90","SC",42001
"258","Planalto Norte",0.236123038203836,0.190691182124434,1.16106762322636,4,"[52-13]",8,"[4.65765765765766-11]",1.31190554280092,1.31190554280092,2.62381108560184,1.31190554280092,1.31190554280092,2.62381108560184,2010,2022,381125,"A90","SC",42012
"259","Serra Catarinense",0.0625646874004353,0.0353586957965288,0.461340840090942,12,"[1-15]",6,"[3.65765765765766-10.3423423423423]",1.73699770368904,1.73699770368904,3.47399540737807,1.73699770368904,1.73699770368904,3.47399540737807,2010,2022,287853,"A90","SC",42013
"260","Médio Vale do Itajaí",0.812710734235424,0.982350479991874,5.40136390970267,5,"[2-14]",9,"[7.22790697674419-13.5441860465116]",0.618772059223911,0.618772059223911,6.94881022508452,0.618772059223911,0.618772059223911,1.23754411844782,2010,2022,808052,"A90","SC",42006
"261","Laguna",0.292291405789452,0.238523208989595,1.30958447020087,10,"[1-15]",8,"[7-10.3423423423423]",1.34499714860605,1.34499714860605,2.68999429721209,1.34499714860605,1.34499714860605,2.68999429721209,2010,2022,371748,"A90","SC",42016
"262","Oeste",2.09515096387844,2.59957519975971,19.7914031206613,10,"[4-13]",12,"[9.65765765765766-13]",1.35601678206369,1.35601678206369,36.4632912696926,1.35601678206369,1.35601678206369,2.71203356412739,2010,2022,368727,"A90","SC",42002
"263","Alto Uruguai Catarinense",0.615110149549266,0.683434393942292,9.13337322520942,9,"[4-16]",7,"[5.31531531531532-9]",3.47005343882296,3.47005343882296,8.43222985633977,3.47005343882296,3.47005343882296,6.94010687764592,2010,2022,144090,"A90","SC",42010
"264","Nordeste",4.72909246577892,5.14753574008101,38.0393159943848,12,"[1-14]",13,"[12-16]",0.472841855204476,0.472841855204476,89.2205296585325,0.472841855204476,0.472841855204476,0.945683710408951,2010,2022,1057436,"A90","SC",42011
"265","Meio Oeste",0.0786807763852979,0.181228990124616,1.35713025070146,8,"[3-13]",6,"[2-11.3423423423423]",2.58564964447317,2.58564964447317,5.17129928894635,2.58564964447317,2.58564964447317,5.17129928894635,2010,2022,193375,"A90","SC",42008
"266","Grande Florianópolis",1.38203462381202,1.18823065180401,3.86516242318663,5,"[50-14]",12,"[10.2279069767442-17]",0.406723960515238,0.406723960515238,7.83350347952348,0.406723960515238,0.406723960515238,0.813447921030476,2010,2022,1229335,"A90","SC",42007
"267","Foz do Rio Itajaí",4.16066206340313,3.42869575628722,30.9368654870465,14,"[52-16]",12,"[9.80693069306931-15.3421052631579]",0.683278534394875,0.683278534394875,42.2129478549153,0.683278534394875,0.683278534394875,1.36655706878975,2010,2022,731766,"A90","SC",42005
"268","Carbonífera",0.15659649390396,0.123773246023249,0.824661770899964,8,"[1-14]",10,"[3.97297297297298-12]",1.12974436144589,1.12974436144589,2.25948872289178,1.12974436144589,1.12974436144589,2.25948872289178,2010,2022,442578,"A90","SC",42015
"269","Alto Vale do Rio do Peixe",0.116311597975191,0.0737706348238272,0.794830015995523,9,"[3-15]",6,"[3-11.3423423423423]",1.68563568693026,1.68563568693026,3.37127137386051,1.68563568693026,1.68563568693026,3.37127137386051,2010,2022,296624,"A90","SC",42009
"270","Extremo Sul Catarinense",0.0799623756271797,0.111382070931539,0.836273123828602,8,"[49-13]",6,"[4.65765765765766-8]",2.44642332909287,2.44642332909287,4.89284665818573,2.44642332909287,2.44642332909287,4.89284665818573,2010,2022,204380,"A90","SC",42014
"271","10ª RS Cascavel",6.70516820062992,5.70471148557154,53.7677189897909,6,"[1-11]",12,"[10.6576576576577-13.3423423423423]",1.44343624432324,1.44343624432324,83.5569155932613,0.902147652702022,0.902147652702022,1.80429530540404,2010,2022,554233,"A90","PR",41010
"272","2ª RS Metropolitana",0.529783100971941,0.522343888014748,2.68646867217323,2,"[1-13]",12,"[6.65765765765766-15.3423423423423]",0.135358623197057,0.135358623197057,2.79244839655528,0.135358623197057,0.135358623197057,0.270717246394114,2010,2022,3693891,"A90","PR",41002
"273","7ª RS Pato Branco",1.56685040025762,1.37300034492179,8.55382242796435,4,"[2-10]",12,"[10.6576576576577-13]",1.86176055525147,1.86176055525147,18.6734583691722,1.86176055525147,1.86176055525147,3.72352111050294,2010,2022,268563,"A90","PR",41007
"274","13ª RS Cianorte",7.37577239370014,6.10503609188288,94.1607210034095,8,"[4-12]",10,"[8.65765765765766-13]",3.0812273144639,3.0812273144639,159.823260801242,3.0812273144639,3.0812273144639,6.1624546289278,2010,2022,162273,"A90","PR",41013
"275","15ª RS Maringá",10.3322281688824,8.85293037914693,92.1242099053227,7,"[4-11]",12,"[11.6576576576577-14]",2.00576007098031,2.00576007098031,154.496619114422,0.589929432641268,0.589929432641268,1.17985886528254,2010,2022,847559,"A90","PR",41015
"276","18ª RS Cornélio Procópio",7.38678834651343,6.44894936431317,68.8445975970697,10,"[2-12]",12,"[9.97297297297298-14.3423423423423]",2.25485244245617,2.25485244245617,139.440075041489,2.25485244245617,2.25485244245617,4.50970488491233,2010,2022,221744,"A90","PR",41018
"277","19ª RS Jacarezinho",3.60733272662137,3.26668825095465,33.2902437967982,8,"[2-14]",12,"[10.6576576576577-14]",1.72659684309033,1.72659684309033,85.2248201749387,1.72659684309033,1.72659684309033,3.45319368618066,2010,2022,289587,"A90","PR",41019
"278","12ª RS Umuarama",8.90396033938435,7.112815893642,83.1219562486388,8,"[2-12]",13,"[10.972972972973-13.3423423423423]",1.80503460251333,1.80503460251333,172.61545903835,1.80503460251333,1.80503460251333,3.61006920502666,2010,2022,277003,"A90","PR",41012
"279","6ª RS União da Vitória",0.199794943780586,0.190080286472208,2.06574115343968,6,"[2-13]",6,"[4-8]",2.8054110768851,2.8054110768851,5.61082215377019,2.8054110768851,2.8054110768851,5.61082215377019,2010,2022,178227,"A90","PR",41006
"280","22ª RS Ivaiporã",1.76824583021351,2.32879044561492,36.9496787219874,10,"[2-13]",10,"[7.65765765765766-12.3423423423423]",3.92967454435424,3.92967454435424,56.155049238822,3.92967454435424,3.92967454435424,7.85934908870847,2010,2022,127237,"A90","PR",41022
"281","21ª RS Telêmaco Borba",1.13234668090154,1.02062992646583,9.28730009665916,10,"[3-15]",8,"[3.65765765765766-13.6846846846847]",2.63504611330698,2.63504611330698,9.56521739130434,2.63504611330698,2.63504611330698,5.27009222661397,2010,2022,189750,"A90","PR",41021
"282","20ª RS Toledo",6.29171073770765,5.42442092956885,97.1178110668668,8,"[3-11]",12,"[8.28828828828829-13.3423423423423]",1.24448692293141,1.24448692293141,132.239180430692,1.24448692293141,1.24448692293141,2.48897384586283,2010,2022,401772,"A90","PR",41020
"283","8ª RS Francisco Beltrão",5.15268391529109,3.579717755704,32.3975928884593,8,"[4-10]",12,"[11.6576576576577-13.3423423423423]",1.39042994874875,1.39042994874875,72.6777734210972,1.39042994874875,1.39042994874875,2.7808598974975,2010,2022,359601,"A90","PR",41008
"284","4ª RS Irati",0.311815399237372,0.346870764122771,2.34906149742728,10,"[3-19]",9,"[5-14.3423423423423]",2.83971511977918,2.83971511977918,5.67943023955837,2.83971511977918,2.83971511977918,5.67943023955837,2010,2022,176074,"A90","PR",41004
"285","17ª RS Londrina",33.5628934265498,27.1494104359956,158.40968234662,8,"[3-13]",13,"[9.97297297297298-14]",9.63711182855198,9.63711182855198,209.404052112399,0.514253566091354,0.514253566091354,1.02850713218271,2010,2022,972283,"A90","PR",41017
"286","9ª RS Foz do Iguaçu",22.3678295598825,14.3969976377618,157.99143692081,10,"[4-14]",12,"[9.65765765765766-13.3423423423423]",3.7014554122681,3.7014554122681,290.712308079537,1.23381847075603,1.23381847075603,2.46763694151207,2010,2022,405246,"A90","PR",41009
"287","5ª RS Guarapuava",0.475940858835182,0.426872018575829,3.5979472853998,4,"[1-11]",11,"[6.63063063063063-13.6846846846847]",1.09342197340798,1.09342197340798,5.06254373687893,1.09342197340798,1.09342197340798,2.18684394681596,2010,2022,457280,"A90","PR",41005
"288","1ª RS Paranaguá",9.71405852939532,10.6015974590534,70.2824847335465,10,"[1-17]",13,"[10-15.3421052631579]",1.6676450184108,1.6676450184108,120.103794225946,1.6676450184108,1.6676450184108,3.3352900368216,2010,2022,299824,"A90","PR",41001
"289","3ª RS Ponta Grossa",0.60270092397455,0.422241328426543,3.90841370381037,2,"[51-11]",12,"[7.28828828828829-14.3423423423423]",0.77805995418783,0.77805995418783,7.80394134050393,0.77805995418783,0.77805995418783,1.55611990837566,2010,2022,642624,"A90","PR",41003
"290","11ª RS Campo Mourão",10.4409697540534,7.94278660530977,105.579003487998,7,"[2-10]",13,"[10.3153153153153-14.3423423423423]",1.52627482104428,1.52627482104428,239.640409652162,1.52627482104428,1.52627482104428,3.05254964208855,2010,2022,327595,"A90","PR",41011
"291","16ª RS Apucarana",4.83570612870657,4.97688316032136,40.5349502836944,8,"[4-13]",12,"[8.65765765765766-14.3423423423423]",1.29060901258086,1.29060901258086,65.1757551353332,1.29060901258086,1.29060901258086,2.58121802516171,2010,2022,387414,"A90","PR",41016
"292","14ª RS Paranavaí",18.4590497986367,14.1850462853713,124.994114875666,2,"[2-8]",14,"[11-15.3423423423423]",2.88746119974013,2.88746119974013,227.640222334512,1.80466324983758,1.80466324983758,3.60932649967516,2010,2022,277060,"A90","PR",41014
